order_id,user_id,shipping_address_id,total_amount,order_status,order_date
1,206,316,156394.05,Delivered,2025-09-11 15:42:10
2,320,510,84066.33,Shipped,2026-06-01 10:51:08
3,110,169,292771.49,Pending,2026-02-12 10:15:00
4,133,206,285298.61,Cancelled,2025-09-04 01:53:28
5,153,238,220670.76,Delivered,2025-12-28 23:16:31
6,146,228,122803.3,Cancelled,2026-03-31 21:07:37
7,233,362,190027.03,Cancelled,2025-05-04 19:57:02
8,302,484,596973.63,Cancelled,2026-02-18 01:50:09
9,365,590,66373.5,Cancelled,2025-04-21 11:54:52
10,472,779,3154.42,Delivered,2026-04-23 06:38:26
11,79,118,113422.61,Delivered,2025-10-26 12:39:12
12,458,757,159754.95,Delivered,2025-08-19 04:29:35
13,159,251,319573.03,Delivered,2025-09-30 09:28:54
14,120,186,218320.74,Shipped,2025-10-01 07:22:42
15,288,457,83967.66,Pending,2026-05-26 03:25:49
16,296,474,93924.66,Shipped,2026-03-29 22:07:32
17,126,196,32059.36,Shipped,2025-03-17 17:57:07
18,271,429,82982.76,Delivered,2025-11-03 17:12:03
19,79,118,55279.29,Cancelled,2025-11-23 08:10:58
20,73,107,241470.81,Delivered,2025-09-19 19:51:27
21,163,256,65498.76,Delivered,2026-03-16 14:55:27
22,494,816,216547.94,Cancelled,2025-07-21 07:39:53
23,277,440,228426.76,Shipped,2025-07-20 10:08:28
24,430,705,28846.34,Pending,2025-10-10 22:54:17
25,379,619,389255.58,Delivered,2025-09-01 12:18:18
26,140,218,155817.14,Delivered,2026-06-09 09:44:18
27,89,133,336582.9,Cancelled,2026-03-18 16:41:19
28,199,309,48725.42,Delivered,2026-07-06 09:35:00
29,381,622,305738.45,Cancelled,2025-08-17 08:43:35
30,253,398,219518.9,Delivered,2025-01-16 13:00:48
31,302,482,129695.27,Delivered,2025-03-02 12:36:26
32,287,456,63961.0,Delivered,2025-01-12 12:26:35
33,186,289,293021.27,Delivered,2025-07-04 09:52:55
34,354,573,115859.34,Delivered,2025-03-09 19:40:08
35,304,488,84359.17,Delivered,2025-09-27 15:51:03
36,318,506,392235.23,Pending,2025-03-26 07:25:55
37,401,657,53451.06,Shipped,2025-02-28 03:48:19
38,151,236,518757.45,Delivered,2025-11-18 23:54:54
39,265,421,63035.08,Delivered,2026-04-12 13:38:06
40,261,413,103134.56,Delivered,2025-10-14 00:58:20
41,299,479,166246.67,Shipped,2025-05-05 11:54:14
42,177,275,171368.41,Pending,2025-06-15 15:12:10
43,356,575,188354.5,Cancelled,2026-04-21 20:22:46
44,113,172,222576.75,Delivered,2026-05-22 03:28:51
45,95,141,57021.8,Delivered,2025-10-19 19:24:06
46,300,480,63409.53,Delivered,2025-02-14 02:26:42
47,101,153,255678.03,Delivered,2025-05-27 18:19:15
48,157,246,275218.15,Delivered,2025-07-16 12:43:09
49,163,256,61627.71,Delivered,2026-05-20 02:33:50
50,436,718,201587.85,Shipped,2026-04-09 16:04:54
51,266,422,262004.04,Delivered,2025-05-30 00:46:27
52,113,172,389637.15,Delivered,2025-12-28 03:22:59
53,266,422,2576.43,Pending,2025-07-08 18:49:15
54,173,269,138666.68,Shipped,2025-12-27 10:04:04
55,151,236,63528.46,Delivered,2025-08-13 16:56:04
56,169,264,107447.36,Cancelled,2025-09-03 03:01:38
57,421,690,117968.71,Pending,2026-01-12 14:47:31
58,108,166,414534.45,Shipped,2025-07-11 12:54:57
59,72,106,130738.65,Cancelled,2025-09-05 08:16:25
60,391,642,32726.62,Pending,2025-09-21 06:33:45
61,79,118,195027.37,Pending,2026-03-28 07:50:44
62,169,264,63912.01,Delivered,2026-05-22 07:53:05
63,96,143,468865.11,Delivered,2025-03-05 23:24:24
64,441,731,123668.58,Delivered,2025-11-10 18:43:50
65,446,739,467447.49,Shipped,2025-09-08 14:17:32
66,74,109,285638.42,Delivered,2025-03-01 16:29:16
67,331,528,136855.44,Cancelled,2025-10-07 08:28:55
68,358,578,45587.91,Cancelled,2025-11-12 16:19:41
69,466,771,8580.93,Cancelled,2025-11-26 10:46:49
70,107,163,29656.18,Delivered,2026-01-04 23:25:35
71,6,12,260388.5,Cancelled,2025-04-10 01:50:26
72,72,106,110643.61,Delivered,2025-08-15 19:34:54
73,391,642,136738.04,Delivered,2026-06-21 03:20:13
74,357,576,241512.9,Shipped,2026-05-19 01:21:03
75,393,645,131602.34,Delivered,2025-07-23 22:44:28
76,491,810,61829.07,Delivered,2026-06-10 19:53:04
77,203,313,125105.11,Delivered,2025-04-14 19:56:56
78,235,365,134647.11,Pending,2025-03-03 06:37:57
79,256,403,97817.77,Pending,2026-03-03 11:08:53
80,357,577,285474.15,Cancelled,2026-06-21 12:58:53
81,196,305,55705.14,Pending,2026-02-06 00:25:47
82,389,640,280212.92,Delivered,2025-09-07 21:21:20
83,485,802,327082.67,Delivered,2025-09-23 07:13:22
84,106,162,87726.39,Delivered,2026-06-11 12:36:38
85,446,739,35099.4,Delivered,2025-03-06 08:36:48
86,260,410,124751.16,Cancelled,2025-12-08 01:41:09
87,140,219,605920.16,Delivered,2025-03-14 03:36:20
88,219,339,99483.26,Pending,2025-09-01 04:43:18
89,157,246,220184.66,Delivered,2025-08-18 23:42:38
90,474,783,286213.17,Cancelled,2025-11-13 12:48:12
91,478,790,590938.41,Cancelled,2025-06-10 20:40:33
92,125,194,24069.86,Delivered,2025-02-06 19:16:03
93,309,493,105722.12,Delivered,2025-01-20 13:59:08
94,85,128,284034.99,Cancelled,2025-07-26 09:51:41
95,417,684,141571.36,Cancelled,2025-08-07 22:55:16
96,269,427,293523.95,Delivered,2026-06-03 09:09:33
97,103,157,103067.49,Cancelled,2025-06-01 22:19:22
98,151,236,327115.63,Delivered,2025-10-31 09:22:13
99,385,630,40655.2,Pending,2026-06-11 18:30:22
100,406,665,407873.74,Pending,2025-10-29 18:55:05
101,350,565,178678.04,Delivered,2025-09-12 20:11:51
102,309,493,100536.36,Delivered,2026-02-27 03:38:52
103,327,520,154480.69,Pending,2025-01-23 22:00:40
104,379,619,385063.08,Delivered,2025-10-08 13:24:56
105,255,402,234535.05,Cancelled,2025-09-02 01:32:22
106,55,82,225222.95,Delivered,2025-02-02 16:44:00
107,408,670,59843.74,Pending,2025-07-03 20:03:00
108,381,624,186421.64,Pending,2025-11-03 10:28:51
109,380,620,453841.0,Pending,2025-04-11 04:22:36
110,32,52,601162.71,Delivered,2025-11-08 11:33:25
111,75,112,291058.42,Shipped,2025-06-30 00:40:14
112,254,401,455594.5,Delivered,2025-10-30 14:21:28
113,281,445,721231.29,Delivered,2025-09-30 01:46:51
114,166,261,98503.84,Shipped,2025-09-04 04:21:01
115,377,615,24069.86,Cancelled,2025-10-19 08:22:40
116,499,825,226574.07,Delivered,2025-05-30 12:35:58
117,18,31,392395.2,Delivered,2025-07-17 01:52:13
118,43,67,210661.76,Pending,2026-01-25 23:41:33
119,356,575,262477.17,Delivered,2026-04-16 12:03:56
120,285,453,224302.35,Shipped,2025-03-01 15:46:21
121,285,453,43155.63,Delivered,2025-09-12 02:54:13
122,44,69,230742.56,Delivered,2026-02-08 03:17:18
123,274,435,496513.11,Pending,2025-04-29 15:05:13
124,420,689,147356.57,Delivered,2025-07-14 03:52:15
125,374,609,87184.75,Pending,2025-03-09 18:09:52
126,347,559,314538.36,Delivered,2026-07-04 10:42:17
127,421,690,377708.94,Shipped,2025-09-13 17:23:02
128,466,771,198147.75,Delivered,2025-08-11 05:48:18
129,373,607,50526.56,Shipped,2026-04-13 08:31:54
130,460,760,494771.7,Delivered,2025-05-23 14:57:45
131,263,417,145669.28,Delivered,2026-06-05 17:51:41
132,312,497,331216.53,Delivered,2026-01-01 13:45:38
133,395,648,152530.41,Pending,2025-03-22 00:20:32
134,484,801,165020.37,Pending,2025-05-19 05:55:54
135,284,451,392636.94,Delivered,2025-01-19 07:21:47
136,98,149,610364.08,Cancelled,2025-01-16 15:54:00
137,90,134,391587.06,Delivered,2025-10-23 02:19:31
138,154,239,118958.86,Delivered,2025-08-27 00:04:34
139,435,714,150840.62,Delivered,2025-02-24 15:49:00
140,182,284,256663.92,Shipped,2025-03-30 17:04:23
141,203,313,488924.81,Delivered,2025-08-31 11:04:33
142,57,84,66046.42,Delivered,2025-08-20 06:54:59
143,216,333,158135.28,Shipped,2026-03-14 07:02:54
144,80,120,245501.73,Delivered,2026-02-03 08:41:34
145,43,68,89773.25,Pending,2025-07-22 10:20:39
146,443,733,436420.36,Delivered,2026-07-09 10:45:45
147,20,34,533435.05,Delivered,2025-06-09 06:26:46
148,246,385,75547.35,Delivered,2026-02-11 00:32:53
149,164,257,93725.1,Delivered,2025-06-01 04:05:45
150,52,78,477065.7,Delivered,2025-06-03 13:40:02
151,271,429,200201.76,Pending,2025-07-15 01:20:35
152,381,624,43712.75,Delivered,2025-04-14 11:34:03
153,274,435,274066.98,Delivered,2025-02-14 00:41:53
154,35,56,30470.7,Shipped,2025-12-02 10:48:13
155,407,669,455262.65,Cancelled,2025-06-07 17:24:56
156,95,141,345473.85,Pending,2025-05-15 06:40:23
157,369,599,124407.34,Delivered,2025-09-03 15:58:31
158,475,784,117838.96,Delivered,2025-08-09 01:16:15
159,485,802,326840.14,Delivered,2025-04-24 18:42:02
160,485,802,131057.42,Pending,2026-05-12 09:45:59
161,298,478,32636.31,Shipped,2025-05-11 21:22:02
162,292,466,321223.9,Pending,2025-05-31 03:01:24
163,97,145,363430.77,Delivered,2025-05-02 11:27:02
164,424,694,90855.98,Delivered,2026-05-26 14:01:02
165,495,817,336355.7,Shipped,2025-04-03 14:18:05
166,279,443,85226.01,Shipped,2026-05-13 09:11:02
167,1,1,243445.3,Delivered,2025-01-29 15:24:31
168,490,809,352714.86,Delivered,2025-10-15 12:42:07
169,218,336,513361.1,Cancelled,2026-06-13 06:52:38
170,404,662,39201.88,Cancelled,2025-05-06 10:54:19
171,492,813,298168.52,Delivered,2025-05-03 08:48:13
172,411,674,251303.17,Delivered,2025-11-04 15:05:24
173,121,188,101668.44,Delivered,2025-01-13 05:25:41
174,435,713,30271.63,Shipped,2025-08-27 21:33:20
175,376,613,289751.7,Delivered,2026-07-05 16:39:52
176,40,62,316126.97,Delivered,2026-03-29 02:20:34
177,370,601,53880.08,Pending,2025-12-21 20:16:06
178,31,51,97456.73,Cancelled,2026-04-25 06:36:43
179,364,588,75692.03,Delivered,2025-12-06 01:47:09
180,310,494,279549.84,Shipped,2026-07-02 19:46:02
181,15,25,68969.07,Delivered,2025-08-18 04:43:06
182,104,158,35049.24,Delivered,2025-07-16 16:10:19
183,162,254,228676.22,Delivered,2025-09-07 16:48:41
184,209,322,220404.8,Cancelled,2026-02-05 01:15:35
185,41,63,171989.55,Delivered,2025-07-09 20:46:44
186,174,270,303091.12,Pending,2025-10-17 20:47:01
187,322,513,187910.0,Delivered,2025-03-27 15:46:48
188,144,223,84220.86,Delivered,2025-10-12 11:15:57
189,474,782,370882.56,Pending,2025-04-17 06:53:52
190,188,293,167610.44,Delivered,2026-05-11 03:58:57
191,5,8,226871.56,Delivered,2025-04-02 18:53:49
192,44,69,381219.28,Delivered,2025-04-05 03:45:33
193,20,34,105745.87,Delivered,2026-01-11 00:49:48
194,110,169,172279.63,Delivered,2025-06-24 06:30:47
195,110,169,19096.2,Delivered,2025-06-02 23:28:04
196,275,438,175021.58,Cancelled,2025-05-15 19:27:46
197,8,15,398936.93,Delivered,2026-01-02 06:01:28
198,112,171,84394.12,Cancelled,2025-12-03 08:39:01
199,155,241,307228.58,Delivered,2026-02-04 23:32:47
200,91,135,251017.47,Shipped,2026-03-08 13:50:00
201,325,517,40097.28,Pending,2026-02-05 23:20:19
202,115,176,49391.32,Delivered,2026-03-15 10:20:38
203,361,583,282496.59,Delivered,2025-01-16 21:46:11
204,461,763,91194.98,Delivered,2025-02-05 09:05:56
205,221,341,231587.98,Delivered,2026-03-18 15:44:11
206,463,767,612484.36,Delivered,2026-02-16 18:44:37
207,48,73,57049.29,Shipped,2025-01-30 21:58:06
208,381,624,223964.1,Shipped,2025-04-22 09:35:28
209,141,220,25636.35,Pending,2025-05-02 16:03:29
210,236,367,247374.07,Delivered,2025-04-04 04:03:12
211,250,394,288857.01,Cancelled,2025-06-23 08:12:03
212,248,389,422315.13,Shipped,2025-05-14 00:34:16
213,16,28,156800.8,Delivered,2025-04-28 15:02:21
214,334,535,159677.14,Cancelled,2026-01-08 18:19:35
215,85,127,434061.06,Shipped,2026-01-24 21:50:37
216,86,129,304123.79,Delivered,2026-02-12 04:22:54
217,191,297,495210.87,Cancelled,2025-05-03 15:44:07
218,288,457,102611.05,Delivered,2025-11-06 11:56:06
219,458,758,115192.48,Cancelled,2025-12-04 13:59:32
220,308,492,172234.49,Delivered,2026-04-15 04:13:40
221,431,707,138173.19,Shipped,2025-02-08 17:52:57
222,163,256,65782.78,Delivered,2025-11-17 22:57:34
223,53,79,58358.18,Delivered,2025-07-03 23:55:49
224,98,149,62483.4,Shipped,2025-10-24 12:24:46
225,156,242,194866.06,Delivered,2025-08-03 20:13:48
226,63,93,206916.48,Shipped,2026-04-04 20:33:07
227,39,61,65648.68,Delivered,2025-02-26 19:27:25
228,390,641,378704.51,Cancelled,2025-09-10 04:50:50
229,143,222,102129.63,Cancelled,2025-05-18 12:50:28
230,236,367,291366.92,Delivered,2025-08-06 04:42:17
231,171,266,472729.62,Delivered,2025-12-19 19:11:06
232,312,497,233453.67,Shipped,2026-02-17 19:44:55
233,123,190,172111.34,Delivered,2026-02-28 07:39:15
234,178,279,43187.54,Delivered,2026-04-19 04:05:14
235,88,132,129741.01,Delivered,2026-06-24 07:00:31
236,499,825,87433.76,Delivered,2025-03-11 18:57:23
237,24,41,163594.4,Cancelled,2026-03-27 14:37:05
238,252,397,517275.53,Delivered,2026-03-10 20:51:58
239,139,217,24069.86,Cancelled,2026-02-18 08:37:10
240,296,475,140149.08,Delivered,2025-10-17 04:04:23
241,90,134,137726.7,Delivered,2026-06-22 10:42:52
242,408,670,193043.05,Delivered,2026-03-27 03:21:11
243,250,394,28122.25,Delivered,2025-03-02 04:32:19
244,157,245,155635.78,Delivered,2025-12-11 05:47:56
245,366,592,27715.32,Cancelled,2025-05-01 19:04:53
246,416,683,74626.92,Delivered,2025-12-05 05:09:02
247,72,106,296673.92,Delivered,2025-07-24 04:43:08
248,270,428,282125.74,Delivered,2026-07-04 03:35:03
249,387,635,114008.64,Delivered,2026-05-03 20:19:06
250,65,95,499334.74,Delivered,2026-06-15 11:10:56
251,443,733,137271.09,Cancelled,2025-04-15 07:51:20
252,155,241,145498.45,Shipped,2025-01-16 00:15:05
253,243,378,200072.55,Shipped,2026-02-07 20:52:45
254,75,111,219437.61,Delivered,2025-06-03 13:04:05
255,52,78,240609.72,Cancelled,2025-10-23 07:42:10
256,6,12,335532.12,Pending,2025-02-06 11:21:47
257,184,286,504148.34,Cancelled,2025-10-08 22:44:18
258,402,659,458927.13,Delivered,2025-11-12 23:21:49
259,317,504,78153.67,Delivered,2025-03-04 11:35:44
260,390,641,128195.44,Delivered,2025-07-13 18:51:50
261,391,642,92080.8,Pending,2026-04-27 02:36:00
262,358,579,173803.16,Delivered,2025-10-31 07:30:49
263,417,686,7848.25,Delivered,2025-06-09 08:39:13
264,280,444,425732.55,Delivered,2025-10-02 15:19:09
265,193,300,130568.52,Delivered,2026-03-29 01:46:12
266,115,176,336213.74,Delivered,2025-07-25 06:05:50
267,317,503,101812.78,Cancelled,2026-03-11 01:05:21
268,216,333,58358.18,Delivered,2025-06-15 17:48:02
269,253,398,33047.21,Pending,2026-03-24 23:02:28
270,307,491,41471.96,Shipped,2026-03-15 07:18:42
271,156,242,74086.98,Delivered,2025-01-27 15:43:52
272,247,388,274660.81,Cancelled,2025-11-07 16:31:44
273,471,778,82198.62,Delivered,2025-07-14 23:48:52
274,448,741,156800.8,Delivered,2025-02-24 04:23:17
275,180,281,570912.15,Delivered,2025-08-26 02:58:05
276,483,799,354506.81,Delivered,2026-03-15 06:56:59
277,249,392,329732.38,Delivered,2025-03-12 22:20:27
278,121,188,380929.9,Cancelled,2026-05-30 19:09:53
279,254,400,420342.02,Delivered,2025-11-04 03:57:38
280,466,771,283288.95,Cancelled,2025-08-02 21:57:53
281,414,678,441674.31,Delivered,2026-03-16 18:09:02
282,68,99,294195.51,Cancelled,2025-08-17 00:37:46
283,338,543,162652.96,Cancelled,2026-06-02 05:22:55
284,237,368,296012.37,Delivered,2025-12-18 16:30:12
285,226,348,108219.14,Cancelled,2025-07-30 09:35:53
286,95,142,84977.07,Delivered,2026-04-06 09:56:47
287,348,561,87369.5,Cancelled,2026-03-06 18:33:25
288,122,189,178005.62,Pending,2025-09-21 01:08:52
289,311,495,152368.71,Delivered,2025-09-28 04:35:15
290,109,168,298402.14,Cancelled,2026-02-11 17:55:48
291,490,809,795931.13,Pending,2025-07-04 10:29:36
292,226,348,103290.54,Delivered,2025-08-08 01:55:46
293,376,614,214108.15,Delivered,2025-10-19 01:57:13
294,424,694,234866.89,Delivered,2026-03-04 13:53:12
295,452,746,10156.9,Shipped,2025-05-30 17:52:18
296,65,95,109151.64,Delivered,2025-12-12 02:14:57
297,61,90,3955.23,Pending,2025-09-29 11:26:00
298,472,780,349968.48,Delivered,2025-12-25 16:00:56
299,333,532,303072.74,Delivered,2025-11-01 16:03:17
300,166,261,299151.21,Cancelled,2025-09-15 10:43:47
301,51,77,39419.56,Delivered,2025-08-20 04:53:17
302,311,495,198322.77,Cancelled,2025-07-09 22:43:38
303,4,7,83523.64,Delivered,2025-01-31 00:31:25
304,367,595,259368.23,Shipped,2025-04-14 03:51:16
305,81,121,83611.97,Shipped,2025-08-13 11:01:36
306,431,706,4267.24,Pending,2026-05-18 19:53:03
307,193,300,206028.35,Delivered,2026-06-18 00:06:34
308,223,344,137839.34,Pending,2026-01-27 03:08:45
309,315,501,228599.31,Pending,2026-05-16 03:11:03
310,450,744,244732.2,Delivered,2025-07-10 02:48:18
311,340,547,468107.51,Delivered,2025-04-10 23:01:33
312,260,410,312016.44,Delivered,2025-11-24 16:25:16
313,174,270,501270.46,Shipped,2025-09-07 15:03:19
314,411,674,357392.15,Cancelled,2025-03-22 02:25:56
315,441,731,202963.08,Delivered,2025-08-24 09:29:12
316,204,314,91000.51,Delivered,2025-02-12 20:15:09
317,419,688,261954.09,Delivered,2025-03-17 22:57:38
318,377,615,183173.87,Pending,2025-06-10 21:43:03
319,235,365,241778.71,Delivered,2025-03-29 10:09:19
320,9,17,4625.33,Delivered,2025-11-12 18:04:40
321,245,384,205898.85,Pending,2025-04-05 14:56:46
322,443,733,70198.8,Delivered,2026-04-16 21:57:19
323,393,646,290119.99,Delivered,2025-07-25 18:03:54
324,407,668,341900.63,Shipped,2026-03-10 18:30:40
325,359,580,8397.0,Delivered,2025-10-29 19:17:44
326,454,751,326758.72,Delivered,2026-01-30 14:54:31
327,166,261,255641.37,Pending,2026-03-24 22:11:14
328,412,676,423879.71,Pending,2026-02-18 09:56:27
329,85,128,370168.41,Delivered,2025-01-18 15:04:48
330,32,52,155449.74,Delivered,2026-04-17 17:26:03
331,146,227,320964.27,Cancelled,2026-04-09 23:16:49
332,375,610,480547.59,Delivered,2025-08-16 11:18:31
333,343,552,4281.47,Delivered,2025-06-22 13:45:35
334,166,261,357897.03,Delivered,2025-02-20 12:52:37
335,160,252,70674.05,Delivered,2026-02-27 04:41:41
336,62,92,266896.42,Delivered,2026-06-01 11:52:41
337,192,298,550121.42,Delivered,2025-01-19 06:56:54
338,332,530,220429.54,Shipped,2026-05-24 09:40:17
339,20,34,213703.77,Pending,2025-02-02 09:33:36
340,29,49,59297.21,Cancelled,2026-05-21 03:27:14
341,171,267,253987.56,Pending,2025-05-22 10:22:08
342,34,54,220708.8,Delivered,2026-02-04 13:06:59
343,141,220,124662.37,Delivered,2025-04-12 10:21:31
344,404,662,421076.48,Pending,2025-06-28 22:58:32
345,383,626,346487.92,Delivered,2025-09-09 03:53:54
346,358,579,240286.92,Delivered,2025-08-04 11:28:44
347,428,701,211706.85,Shipped,2025-05-11 22:32:13
348,263,417,415582.18,Delivered,2025-07-30 13:27:18
349,302,482,47997.82,Cancelled,2025-09-18 09:27:01
350,96,144,510546.67,Delivered,2025-09-05 21:23:29
351,371,603,375653.58,Delivered,2026-04-22 18:22:09
352,86,130,207801.16,Cancelled,2026-04-19 14:06:42
353,411,674,248451.22,Delivered,2026-01-02 07:02:23
354,440,728,140934.11,Delivered,2025-12-16 01:51:39
355,468,774,187227.07,Delivered,2026-06-14 04:33:57
356,37,59,122377.29,Cancelled,2026-01-25 06:44:44
357,313,499,53508.03,Pending,2025-03-12 00:24:37
358,155,241,273085.44,Delivered,2025-03-24 02:51:21
359,204,314,154015.66,Delivered,2026-01-07 02:47:14
360,335,538,30798.12,Delivered,2025-11-19 00:17:38
361,191,297,430549.25,Shipped,2025-09-28 06:02:11
362,486,803,344434.86,Shipped,2025-06-13 11:46:27
363,218,337,121322.46,Delivered,2026-06-19 06:50:33
364,153,238,129702.91,Delivered,2026-04-18 18:07:25
365,458,757,62018.5,Shipped,2025-10-06 06:28:00
366,263,417,316937.73,Pending,2025-09-30 08:32:24
367,335,538,261804.18,Shipped,2025-03-13 13:56:50
368,192,299,620034.78,Cancelled,2025-06-27 03:47:29
369,10,19,154336.44,Delivered,2026-06-05 11:20:03
370,424,694,452836.96,Delivered,2026-04-12 15:30:51
371,438,724,178472.92,Delivered,2026-02-02 13:33:41
372,177,275,428900.65,Cancelled,2025-06-21 05:02:05
373,290,461,182037.87,Cancelled,2025-11-29 15:29:11
374,194,301,288585.97,Delivered,2025-03-27 07:50:05
375,210,324,264772.32,Delivered,2025-06-29 03:12:09
376,440,729,426752.81,Cancelled,2026-01-30 08:21:34
377,197,306,77683.93,Delivered,2025-12-01 21:06:36
378,167,262,163123.74,Pending,2025-05-20 07:01:05
379,189,294,83826.61,Shipped,2025-05-27 02:10:10
380,124,192,2616.07,Shipped,2026-01-04 09:14:07
381,350,566,260069.12,Shipped,2025-11-22 14:51:05
382,247,388,82061.34,Delivered,2025-08-26 13:13:38
383,54,80,126777.36,Cancelled,2025-08-02 21:20:16
384,108,166,190425.39,Delivered,2025-03-27 10:33:15
385,170,265,31880.61,Delivered,2026-07-08 08:46:29
386,484,801,184857.83,Pending,2026-03-27 21:34:30
387,76,114,356927.52,Delivered,2025-11-05 10:30:15
388,187,290,191957.76,Pending,2026-01-16 11:26:45
389,268,426,218990.14,Shipped,2025-10-31 14:02:03
390,159,250,260026.61,Delivered,2025-07-04 05:26:28
391,187,290,261571.56,Pending,2025-11-16 12:24:53
392,139,217,119819.32,Cancelled,2026-03-02 08:32:04
393,354,573,469438.06,Cancelled,2025-07-07 08:33:53
394,32,52,534561.68,Delivered,2025-07-06 18:30:54
395,278,441,273057.17,Shipped,2026-04-20 17:00:15
396,129,200,285807.02,Delivered,2026-04-23 02:03:13
397,226,348,183706.8,Shipped,2025-06-01 12:05:11
398,49,75,98517.18,Pending,2025-10-03 23:23:23
399,257,405,353867.47,Cancelled,2025-09-16 13:31:40
400,167,262,378562.0,Pending,2026-06-02 13:56:53
401,373,607,248733.29,Shipped,2025-09-12 22:29:15
402,10,20,145777.98,Delivered,2025-06-17 01:31:31
403,258,406,4792.96,Delivered,2025-08-11 19:02:27
404,400,656,378911.95,Cancelled,2026-06-29 05:32:21
405,242,377,262126.16,Delivered,2025-03-09 11:15:01
406,272,431,156139.88,Delivered,2026-06-30 14:31:08
407,186,289,87137.06,Cancelled,2025-06-14 13:21:09
408,468,774,532364.81,Pending,2025-01-23 14:00:48
409,35,56,47379.48,Delivered,2026-03-26 02:04:57
410,393,646,301946.74,Shipped,2025-08-14 01:08:09
411,295,472,203813.72,Pending,2025-01-15 22:26:46
412,346,557,36155.01,Shipped,2026-02-28 11:59:21
413,52,78,172448.52,Pending,2026-03-01 07:42:27
414,489,807,48288.08,Delivered,2025-09-22 08:18:58
415,71,104,113376.48,Delivered,2025-04-16 14:56:18
416,102,155,49890.64,Pending,2025-11-02 13:07:30
417,468,773,143149.56,Cancelled,2025-05-17 12:21:32
418,410,673,6091.4,Delivered,2026-01-17 06:10:24
419,185,288,245985.81,Shipped,2025-03-02 17:23:04
420,91,135,61790.7,Shipped,2025-04-20 09:07:45
421,317,504,214788.15,Delivered,2025-05-13 07:41:24
422,255,402,112441.83,Delivered,2025-09-05 17:27:42
423,277,440,128075.03,Cancelled,2026-04-20 20:59:16
424,496,819,374036.03,Delivered,2026-01-06 17:39:52
425,253,398,308266.06,Delivered,2025-04-18 17:41:48
426,116,177,201254.33,Cancelled,2025-06-03 09:41:31
427,297,476,2730.24,Pending,2025-11-06 01:28:46
428,74,110,179869.8,Delivered,2025-02-06 11:55:54
429,110,169,439448.75,Delivered,2026-05-08 14:06:20
430,135,209,32320.47,Delivered,2025-10-21 19:57:51
431,365,590,75871.78,Delivered,2025-04-19 02:23:19
432,102,156,323792.74,Pending,2026-02-23 05:25:20
433,186,289,274180.94,Shipped,2026-07-03 19:24:26
434,277,440,114841.94,Delivered,2025-06-17 01:12:32
435,70,102,217331.67,Delivered,2025-01-11 06:35:30
436,422,691,268982.92,Delivered,2025-07-18 07:50:20
437,64,94,233072.51,Shipped,2025-06-19 20:58:10
438,339,545,206029.96,Delivered,2025-08-31 02:26:59
439,116,177,61104.42,Cancelled,2025-03-20 19:07:10
440,464,769,116809.64,Shipped,2026-05-23 07:24:45
441,341,549,371606.78,Cancelled,2025-04-01 18:03:23
442,185,288,165283.5,Cancelled,2025-11-12 19:56:26
443,482,797,253090.37,Cancelled,2026-05-13 20:58:28
444,435,714,274574.97,Cancelled,2025-10-16 12:34:55
445,286,455,259902.68,Cancelled,2025-11-18 17:09:47
446,469,775,389554.23,Delivered,2026-05-22 16:14:39
447,492,813,10766.16,Delivered,2025-09-18 16:40:42
448,276,439,82581.18,Pending,2025-11-16 02:43:17
449,365,591,327112.03,Delivered,2026-06-10 02:45:39
450,292,465,262674.72,Delivered,2025-09-19 12:44:45
451,332,529,344662.89,Delivered,2025-05-03 22:01:05
452,295,472,243844.37,Cancelled,2025-08-02 02:34:09
453,165,260,124003.47,Shipped,2025-07-21 18:27:46
454,368,596,226260.93,Delivered,2026-01-07 09:34:04
455,287,456,110189.0,Pending,2026-03-21 04:26:29
456,76,113,17234.61,Delivered,2026-06-24 17:31:55
457,307,491,196882.98,Cancelled,2025-12-11 15:15:13
458,74,110,288956.5,Pending,2026-06-24 04:45:27
459,33,53,61351.15,Cancelled,2025-05-16 05:07:13
460,49,75,151563.38,Cancelled,2026-04-01 20:11:21
461,47,72,306149.58,Delivered,2025-08-01 08:10:32
462,451,745,171350.74,Delivered,2026-03-19 17:37:33
463,490,809,578540.96,Pending,2025-06-06 09:33:39
464,294,468,105363.15,Cancelled,2025-12-19 07:11:54
465,479,792,214467.98,Delivered,2025-04-04 17:04:12
466,476,788,227593.51,Delivered,2026-03-12 15:05:44
467,470,777,45448.63,Cancelled,2026-06-07 08:57:14
468,388,639,197020.91,Delivered,2026-05-25 14:05:21
469,252,397,432447.11,Pending,2025-09-17 17:27:52
470,97,145,212442.88,Pending,2025-09-06 13:07:42
471,495,818,162929.31,Delivered,2025-11-05 23:04:55
472,51,77,370921.32,Delivered,2025-06-04 05:47:57
473,196,305,157035.3,Delivered,2026-06-30 11:09:07
474,73,107,212528.5,Cancelled,2026-05-08 22:30:58
475,194,302,271283.19,Cancelled,2025-06-07 04:28:15
476,82,122,500453.74,Delivered,2025-03-03 15:39:20
477,487,804,132009.92,Shipped,2026-03-17 21:17:21
478,43,67,244909.85,Shipped,2025-07-17 18:34:51
479,292,465,201228.39,Delivered,2025-05-09 14:43:50
480,95,141,460720.22,Pending,2025-09-28 21:25:04
481,74,110,137938.14,Delivered,2025-09-14 15:37:38
482,369,598,85558.85,Delivered,2025-09-17 20:06:26
483,2,4,61007.7,Cancelled,2025-11-08 00:01:54
484,422,692,769598.09,Pending,2026-03-30 21:22:50
485,326,518,446900.38,Delivered,2026-01-18 03:36:48
486,413,677,387273.02,Delivered,2025-05-02 20:03:07
487,488,806,216577.69,Delivered,2026-01-06 00:35:09
488,402,659,302425.81,Pending,2026-01-05 21:57:12
489,232,361,81545.0,Delivered,2026-05-10 08:40:25
490,222,343,65501.56,Delivered,2025-12-21 01:45:07
491,401,657,228496.81,Delivered,2025-05-08 00:56:22
492,44,69,303436.35,Delivered,2025-01-17 17:35:45
493,464,769,66245.82,Delivered,2026-01-15 00:16:11
494,288,457,75473.69,Delivered,2026-07-08 14:23:04
495,88,132,304421.96,Cancelled,2026-04-11 07:06:03
496,36,57,343337.81,Pending,2025-04-25 19:31:38
497,150,235,459708.65,Pending,2025-10-13 12:18:29
498,463,766,183611.6,Delivered,2026-01-26 06:58:27
499,384,629,163034.81,Delivered,2026-06-07 04:18:11
500,199,309,270829.23,Cancelled,2026-07-05 01:06:46
501,283,447,374525.71,Delivered,2026-01-25 16:27:34
502,91,136,112505.85,Delivered,2025-03-02 10:55:36
503,299,479,56167.69,Delivered,2026-05-16 02:44:48
504,47,72,310675.01,Shipped,2025-01-13 23:36:14
505,363,587,258201.96,Cancelled,2026-04-26 06:33:06
506,41,63,109055.76,Delivered,2025-06-13 13:46:38
507,388,637,163009.48,Delivered,2025-05-17 03:47:41
508,387,635,9392.4,Delivered,2025-03-02 05:13:32
509,392,644,183706.8,Cancelled,2025-01-20 07:40:35
510,231,359,376444.58,Delivered,2026-01-19 04:12:53
511,167,262,307460.63,Shipped,2026-01-06 02:34:30
512,78,117,44319.44,Delivered,2025-06-28 13:03:26
513,82,122,123642.51,Delivered,2026-03-13 16:13:40
514,31,51,158688.3,Delivered,2025-04-03 08:11:51
515,323,515,465658.07,Pending,2026-06-26 07:45:26
516,190,296,634190.36,Delivered,2025-03-01 00:44:06
517,407,668,241323.73,Delivered,2026-07-07 09:48:22
518,241,376,52861.06,Shipped,2025-09-11 11:19:07
519,35,56,97048.59,Cancelled,2025-11-09 14:13:54
520,183,285,274165.31,Delivered,2026-03-23 10:09:47
521,376,613,249244.27,Shipped,2025-06-11 10:00:08
522,41,64,335925.1,Cancelled,2026-01-07 03:06:00
523,234,364,143529.74,Cancelled,2025-06-13 14:53:57
524,282,446,266426.83,Shipped,2026-05-14 11:21:56
525,371,602,4271.14,Delivered,2026-01-31 18:43:23
526,387,636,6621.04,Delivered,2025-10-15 08:28:22
527,405,664,149534.9,Delivered,2026-07-04 12:01:58
528,29,49,132470.17,Pending,2025-02-20 18:21:21
529,487,804,287480.3,Shipped,2025-04-27 22:24:46
530,21,35,86560.21,Delivered,2026-04-14 00:13:14
531,109,168,354455.26,Delivered,2026-03-03 12:03:05
532,202,312,46024.52,Delivered,2026-05-31 05:30:08
533,377,615,108857.99,Cancelled,2026-06-30 17:52:06
534,262,414,200525.55,Delivered,2025-09-08 16:59:02
535,386,633,381680.39,Shipped,2026-01-27 21:37:17
536,196,305,292759.46,Delivered,2025-03-27 12:32:54
537,155,240,80999.03,Shipped,2025-08-03 01:33:40
538,139,215,57049.29,Shipped,2026-03-24 11:22:49
539,222,343,43504.24,Delivered,2025-11-27 08:08:43
540,104,158,184929.58,Cancelled,2025-01-29 23:05:20
541,406,665,62263.1,Delivered,2025-02-16 17:38:02
542,377,615,308967.16,Delivered,2025-11-23 03:03:38
543,130,201,421436.21,Delivered,2025-09-26 11:55:03
544,72,106,82274.4,Delivered,2026-07-03 10:27:38
545,54,80,163947.21,Pending,2025-07-27 20:16:19
546,375,611,298813.9,Delivered,2026-03-12 23:51:43
547,458,758,196575.27,Shipped,2025-04-04 17:33:13
548,9,16,223073.79,Delivered,2025-08-28 17:48:53
549,358,579,256298.67,Delivered,2025-10-04 13:08:41
550,256,404,260839.77,Delivered,2025-10-11 00:22:41
551,195,303,53982.7,Cancelled,2026-01-24 14:41:48
552,233,363,302529.03,Delivered,2025-09-30 01:16:09
553,66,96,13548.17,Shipped,2026-02-08 06:00:51
554,300,480,341388.82,Shipped,2026-07-07 07:42:00
555,249,391,45417.84,Delivered,2025-01-15 10:06:57
556,366,592,14334.41,Delivered,2026-07-09 07:29:11
557,255,402,211889.34,Shipped,2026-07-07 20:50:07
558,143,222,605350.85,Cancelled,2026-03-19 20:28:52
559,13,23,159540.81,Pending,2025-03-19 02:11:37
560,286,455,180554.33,Delivered,2026-01-17 04:19:26
561,6,12,267911.07,Shipped,2025-02-26 14:22:08
562,164,257,98145.72,Delivered,2026-01-19 03:06:11
563,342,550,132489.06,Delivered,2026-02-11 00:37:35
564,186,289,9307.28,Delivered,2025-08-02 20:45:59
565,344,554,433104.84,Shipped,2025-11-10 12:35:48
566,307,491,215900.01,Cancelled,2026-02-01 03:14:23
567,396,649,327632.95,Delivered,2025-10-25 00:22:23
568,173,269,464527.34,Shipped,2026-07-02 01:04:44
569,465,770,454246.01,Delivered,2026-03-26 15:16:58
570,456,753,327060.45,Delivered,2026-06-29 15:26:30
571,327,519,215560.93,Pending,2025-06-19 19:09:23
572,139,217,394823.45,Shipped,2026-01-02 13:51:25
573,97,146,174561.97,Shipped,2026-01-30 12:30:19
574,224,346,242202.37,Delivered,2025-09-11 05:23:22
575,402,659,29435.07,Delivered,2026-06-28 09:28:05
576,221,341,188814.86,Delivered,2025-07-09 00:36:50
577,278,441,296532.08,Delivered,2025-05-15 13:59:38
578,55,81,213914.91,Cancelled,2025-07-15 11:00:33
579,77,116,574013.6,Cancelled,2026-05-03 17:25:02
580,260,412,233416.59,Shipped,2025-11-08 06:59:33
581,112,171,323585.03,Delivered,2025-10-12 09:20:45
582,366,592,197995.9,Pending,2025-11-09 01:03:35
583,466,771,344289.2,Shipped,2025-03-21 11:40:19
584,196,305,262996.22,Cancelled,2025-02-17 06:23:04
585,232,361,295249.08,Delivered,2025-08-26 16:45:52
586,281,445,309201.69,Delivered,2025-12-05 18:12:46
587,64,94,104938.3,Cancelled,2026-03-16 20:50:39
588,257,405,100908.79,Delivered,2025-11-12 21:04:11
589,126,196,33277.53,Cancelled,2025-05-27 00:56:22
590,1,2,360187.14,Shipped,2026-01-03 21:25:32
591,269,427,520028.06,Shipped,2025-05-20 15:09:29
592,162,254,130933.86,Cancelled,2025-06-14 08:05:22
593,333,532,144565.16,Delivered,2025-11-14 20:42:01
594,238,371,268579.76,Delivered,2025-11-29 23:04:27
595,307,491,309747.96,Shipped,2025-10-13 13:28:25
596,13,23,201958.09,Shipped,2026-05-15 20:37:29
597,453,749,38974.41,Shipped,2026-01-24 15:58:20
598,339,546,336059.34,Cancelled,2025-12-18 15:36:42
599,7,13,195720.19,Delivered,2025-06-11 01:37:14
600,84,124,264400.85,Cancelled,2025-08-05 05:25:19
