payment_id,order_id,payment_method,payment_status,transaction_id,paid_at
1,1,COD,Success,,2025-09-12 01:42:10
2,2,Credit Card,Success,TXN000002S,2026-06-02 11:51:08
3,3,COD,Pending,,
4,4,UPI,Failed,TXN000004F,
5,5,COD,Success,,2025-12-30 10:16:31
6,6,UPI,Pending,,
7,7,Credit Card,Failed,TXN000007F,
8,8,Credit Card,Failed,TXN000008F,
9,9,Credit Card,Failed,TXN000009F,
10,10,COD,Success,,2026-04-24 01:38:26
11,11,COD,Success,,2025-10-27 15:39:12
12,12,Credit Card,Success,TXN000012S,2025-08-19 09:29:35
13,13,COD,Success,,2025-10-01 06:28:54
14,14,Credit Card,Success,TXN000014S,2025-10-03 01:22:42
15,15,COD,Pending,,
16,16,COD,Success,,2026-03-31 09:07:32
17,17,UPI,Success,TXN000017S,2025-03-18 20:57:07
18,18,COD,Success,,2025-11-04 04:12:03
19,19,COD,Failed,TXN000019F,
20,20,COD,Success,,2025-09-21 04:51:27
21,21,Credit Card,Success,TXN000021S,2026-03-18 07:55:27
22,22,UPI,Failed,TXN000022F,
23,23,UPI,Success,TXN000023S,2025-07-20 11:08:28
24,24,UPI,Pending,,
25,25,Credit Card,Success,TXN000025S,2025-09-03 08:18:18
26,26,COD,Success,,2026-06-09 10:44:18
27,27,COD,Failed,TXN000027F,
28,28,UPI,Success,TXN000028S,2026-07-07 14:35:00
29,29,Credit Card,Pending,,
30,30,COD,Success,,2025-01-18 13:00:48
31,31,COD,Success,,2025-03-02 14:36:26
32,32,Credit Card,Success,TXN000032S,2025-01-13 06:26:35
33,33,UPI,Success,TXN000033S,2025-07-05 07:52:55
34,34,COD,Success,,2025-03-11 12:40:08
35,35,UPI,Success,TXN000035S,2025-09-28 13:51:03
36,36,UPI,Pending,,
37,37,COD,Success,,2025-03-01 07:48:19
38,38,UPI,Success,TXN000038S,2025-11-19 21:54:54
39,39,COD,Success,,2026-04-14 11:38:06
40,40,COD,Success,,2025-10-15 04:58:20
41,41,COD,Success,,2025-05-07 07:54:14
42,42,Credit Card,Pending,,
43,43,Credit Card,Failed,TXN000043F,
44,44,COD,Success,,2026-05-23 01:28:51
45,45,COD,Success,,2025-10-20 03:24:06
46,46,Credit Card,Success,TXN000046S,2025-02-16 01:26:42
47,47,UPI,Success,TXN000047S,2025-05-28 19:19:15
48,48,UPI,Success,TXN000048S,2025-07-16 21:43:09
49,49,Credit Card,Success,TXN000049S,2026-05-20 12:33:50
50,50,UPI,Success,TXN000050S,2026-04-10 03:04:54
51,51,Credit Card,Success,TXN000051S,2025-05-31 17:46:27
52,52,COD,Success,,2025-12-28 09:22:59
53,53,COD,Pending,,
54,54,Credit Card,Success,TXN000054S,2025-12-28 01:04:04
55,55,Credit Card,Success,TXN000055S,2025-08-13 19:56:04
56,56,Credit Card,Pending,,
57,57,COD,Pending,,
58,58,UPI,Success,TXN000058S,2025-07-12 17:54:57
59,59,Credit Card,Pending,,
60,60,UPI,Pending,,
61,61,UPI,Pending,,
62,62,COD,Success,,2026-05-23 19:53:05
63,63,Credit Card,Success,TXN000063S,2025-03-06 03:24:24
64,64,Credit Card,Success,TXN000064S,2025-11-12 01:43:50
65,65,Credit Card,Success,TXN000065S,2025-09-09 03:17:32
66,66,Credit Card,Success,TXN000066S,2025-03-02 22:29:16
67,67,COD,Pending,,
68,68,Credit Card,Pending,,
69,69,UPI,Pending,,
70,70,Credit Card,Success,TXN000070S,2026-01-06 23:25:35
71,71,UPI,Failed,TXN000071F,
72,72,UPI,Success,TXN000072S,2025-08-17 06:34:54
73,73,COD,Success,,2026-06-21 06:20:13
74,74,Credit Card,Success,TXN000074S,2026-05-20 06:21:03
75,75,UPI,Success,TXN000075S,2025-07-23 23:44:28
76,76,Credit Card,Success,TXN000076S,2026-06-11 16:53:04
77,77,UPI,Success,TXN000077S,2025-04-15 21:56:56
78,78,COD,Pending,,
79,79,COD,Pending,,
80,80,Credit Card,Pending,,
81,81,COD,Pending,,
82,82,UPI,Success,TXN000082S,2025-09-08 22:21:20
83,83,UPI,Success,TXN000083S,2025-09-23 22:13:22
84,84,Credit Card,Success,TXN000084S,2026-06-13 05:36:38
85,85,UPI,Success,TXN000085S,2025-03-06 14:36:48
86,86,Credit Card,Pending,,
87,87,Credit Card,Success,TXN000087S,2025-03-14 13:36:20
88,88,Credit Card,Pending,,
89,89,UPI,Success,TXN000089S,2025-08-20 08:42:38
90,90,Credit Card,Failed,TXN000090F,
91,91,UPI,Pending,,
92,92,COD,Success,,2025-02-08 01:16:03
93,93,COD,Success,,2025-01-22 03:59:08
94,94,Credit Card,Failed,TXN000094F,
95,95,Credit Card,Failed,TXN000095F,
96,96,UPI,Success,TXN000096S,2026-06-04 18:09:33
97,97,COD,Failed,TXN000097F,
98,98,Credit Card,Success,TXN000098S,2025-11-02 05:22:13
99,99,COD,Pending,,
100,100,Credit Card,Pending,,
101,101,UPI,Success,TXN000101S,2025-09-14 02:11:51
102,102,COD,Success,,2026-02-28 10:38:52
103,103,Credit Card,Pending,,
104,104,COD,Success,,2025-10-09 22:24:56
105,105,UPI,Failed,TXN000105F,
106,106,Credit Card,Success,TXN000106S,2025-02-04 11:44:00
107,107,COD,Pending,,
108,108,Credit Card,Pending,,
109,109,Credit Card,Pending,,
110,110,UPI,Success,TXN000110S,2025-11-08 18:33:25
111,111,COD,Success,,2025-06-30 08:40:14
112,112,UPI,Success,TXN000112S,2025-10-31 22:21:28
113,113,UPI,Success,TXN000113S,2025-10-01 22:46:51
114,114,Credit Card,Success,TXN000114S,2025-09-04 23:21:01
115,115,Credit Card,Failed,TXN000115F,
116,116,Credit Card,Success,TXN000116S,2025-06-01 02:35:58
117,117,COD,Success,,2025-07-18 19:52:13
118,118,Credit Card,Pending,,
119,119,COD,Success,,2026-04-17 23:03:56
120,120,UPI,Success,TXN000120S,2025-03-02 03:46:21
121,121,UPI,Success,TXN000121S,2025-09-13 20:54:13
122,122,Credit Card,Success,TXN000122S,2026-02-08 06:17:18
123,123,COD,Pending,,
124,124,COD,Success,,2025-07-15 15:52:15
125,125,Credit Card,Pending,,
126,126,COD,Success,,2026-07-04 23:42:17
127,127,COD,Success,,2025-09-14 20:23:02
128,128,UPI,Success,TXN000128S,2025-08-12 06:48:18
129,129,COD,Success,,2026-04-14 21:31:54
130,130,UPI,Success,TXN000130S,2025-05-24 07:57:45
131,131,UPI,Success,TXN000131S,2026-06-07 16:51:41
132,132,UPI,Success,TXN000132S,2026-01-02 09:45:38
133,133,UPI,Pending,,
134,134,Credit Card,Pending,,
135,135,COD,Success,,2025-01-20 18:21:47
136,136,Credit Card,Failed,TXN000136F,
137,137,UPI,Success,TXN000137S,2025-10-24 00:19:31
138,138,Credit Card,Success,TXN000138S,2025-08-28 18:04:34
139,139,Credit Card,Success,TXN000139S,2025-02-25 14:49:00
140,140,UPI,Success,TXN000140S,2025-03-31 03:04:23
141,141,UPI,Success,TXN000141S,2025-09-01 10:04:33
142,142,UPI,Success,TXN000142S,2025-08-20 17:54:59
143,143,COD,Success,,2026-03-15 08:02:54
144,144,COD,Success,,2026-02-03 09:41:34
145,145,UPI,Pending,,
146,146,COD,Success,,2026-07-11 03:45:45
147,147,COD,Success,,2025-06-10 23:26:46
148,148,Credit Card,Success,TXN000148S,2026-02-12 00:32:53
149,149,COD,Success,,2025-06-02 01:05:45
150,150,COD,Success,,2025-06-03 22:40:02
151,151,COD,Pending,,
152,152,COD,Success,,2025-04-16 03:34:03
153,153,COD,Success,,2025-02-14 23:41:53
154,154,Credit Card,Success,TXN000154S,2025-12-04 07:48:13
155,155,COD,Pending,,
156,156,COD,Pending,,
157,157,COD,Success,,2025-09-04 07:58:31
158,158,COD,Success,,2025-08-10 00:16:15
159,159,Credit Card,Success,TXN000159S,2025-04-25 06:42:02
160,160,UPI,Pending,,
161,161,UPI,Success,TXN000161S,2025-05-13 05:22:02
162,162,COD,Pending,,
163,163,UPI,Success,TXN000163S,2025-05-04 02:27:02
164,164,COD,Success,,2026-05-28 05:01:02
165,165,UPI,Success,TXN000165S,2025-04-04 10:18:05
166,166,UPI,Success,TXN000166S,2026-05-14 20:11:02
167,167,COD,Success,,2025-01-29 23:24:31
168,168,UPI,Success,TXN000168S,2025-10-16 16:42:07
169,169,Credit Card,Pending,,
170,170,COD,Pending,,
171,171,Credit Card,Success,TXN000171S,2025-05-04 15:48:13
172,172,COD,Success,,2025-11-06 13:05:24
173,173,Credit Card,Success,TXN000173S,2025-01-13 14:25:41
174,174,UPI,Success,TXN000174S,2025-08-28 01:33:20
175,175,UPI,Success,TXN000175S,2026-07-05 18:39:52
176,176,COD,Success,,2026-03-30 12:20:34
177,177,UPI,Pending,,
178,178,Credit Card,Pending,,
179,179,Credit Card,Success,TXN000179S,2025-12-07 17:47:09
180,180,UPI,Success,TXN000180S,2026-07-03 13:46:02
181,181,COD,Success,,2025-08-18 05:43:06
182,182,UPI,Success,TXN000182S,2025-07-18 05:10:19
183,183,COD,Success,,2025-09-08 15:48:41
184,184,UPI,Pending,,
185,185,COD,Success,,2025-07-11 14:46:44
186,186,COD,Pending,,
187,187,UPI,Success,TXN000187S,2025-03-28 21:46:48
188,188,Credit Card,Success,TXN000188S,2025-10-13 04:15:57
189,189,Credit Card,Pending,,
190,190,UPI,Success,TXN000190S,2026-05-12 19:58:57
191,191,UPI,Success,TXN000191S,2025-04-03 17:53:49
192,192,UPI,Success,TXN000192S,2025-04-07 00:45:33
193,193,Credit Card,Success,TXN000193S,2026-01-11 04:49:48
194,194,UPI,Success,TXN000194S,2025-06-25 02:30:47
195,195,Credit Card,Success,TXN000195S,2025-06-03 10:28:04
196,196,COD,Failed,TXN000196F,
197,197,UPI,Success,TXN000197S,2026-01-03 23:01:28
198,198,UPI,Failed,TXN000198F,
199,199,Credit Card,Success,TXN000199S,2026-02-05 07:32:47
200,200,UPI,Success,TXN000200S,2026-03-10 05:50:00
201,201,UPI,Pending,,
202,202,UPI,Success,TXN000202S,2026-03-16 09:20:38
203,203,Credit Card,Success,TXN000203S,2025-01-17 17:46:11
204,204,COD,Success,,2025-02-07 09:05:56
205,205,UPI,Success,TXN000205S,2026-03-20 08:44:11
206,206,COD,Success,,2026-02-17 11:44:37
207,207,COD,Success,,2025-02-01 19:58:06
208,208,UPI,Success,TXN000208S,2025-04-24 08:35:28
209,209,UPI,Pending,,
210,210,UPI,Success,TXN000210S,2025-04-05 06:03:12
211,211,COD,Failed,TXN000211F,
212,212,COD,Success,,2025-05-14 10:34:16
213,213,Credit Card,Success,TXN000213S,2025-04-29 22:02:21
214,214,COD,Pending,,
215,215,COD,Success,,2026-01-25 20:50:37
216,216,Credit Card,Success,TXN000216S,2026-02-12 16:22:54
217,217,Credit Card,Failed,TXN000217F,
218,218,Credit Card,Success,TXN000218S,2025-11-08 09:56:06
219,219,Credit Card,Pending,,
220,220,COD,Success,,2026-04-16 17:13:40
221,221,UPI,Success,TXN000221S,2025-02-08 22:52:57
222,222,Credit Card,Success,TXN000222S,2025-11-19 16:57:34
223,223,Credit Card,Success,TXN000223S,2025-07-05 20:55:49
224,224,UPI,Success,TXN000224S,2025-10-24 20:24:46
225,225,UPI,Success,TXN000225S,2025-08-05 10:13:48
226,226,UPI,Success,TXN000226S,2026-04-05 19:33:07
227,227,Credit Card,Success,TXN000227S,2025-02-27 08:27:25
228,228,COD,Failed,TXN000228F,
229,229,UPI,Failed,TXN000229F,
230,230,Credit Card,Success,TXN000230S,2025-08-06 18:42:17
231,231,Credit Card,Success,TXN000231S,2025-12-20 08:11:06
232,232,UPI,Success,TXN000232S,2026-02-18 03:44:55
233,233,COD,Success,,2026-03-02 04:39:15
234,234,COD,Success,,2026-04-21 01:05:14
235,235,UPI,Success,TXN000235S,2026-06-26 02:00:31
236,236,COD,Success,,2025-03-11 19:57:23
237,237,UPI,Pending,,
238,238,COD,Success,,2026-03-12 15:51:58
239,239,UPI,Failed,TXN000239F,
240,240,COD,Success,,2025-10-17 11:04:23
241,241,COD,Success,,2026-06-23 20:42:52
242,242,COD,Success,,2026-03-27 13:21:11
243,243,UPI,Success,TXN000243S,2025-03-02 23:32:19
244,244,UPI,Success,TXN000244S,2025-12-12 04:47:56
245,245,UPI,Failed,TXN000245F,
246,246,COD,Success,,2025-12-06 01:09:02
247,247,Credit Card,Success,TXN000247S,2025-07-25 15:43:08
248,248,Credit Card,Success,TXN000248S,2026-07-04 05:35:03
249,249,COD,Success,,2026-05-05 07:19:06
250,250,Credit Card,Success,TXN000250S,2026-06-17 02:10:56
251,251,UPI,Pending,,
252,252,COD,Success,,2025-01-16 08:15:05
253,253,Credit Card,Success,TXN000253S,2026-02-09 12:52:45
254,254,COD,Success,,2025-06-04 02:04:05
255,255,UPI,Failed,TXN000255F,
256,256,UPI,Pending,,
257,257,Credit Card,Pending,,
258,258,Credit Card,Success,TXN000258S,2025-11-13 08:21:49
259,259,UPI,Success,TXN000259S,2025-03-06 06:35:44
260,260,COD,Success,,2025-07-14 11:51:50
261,261,UPI,Pending,,
262,262,COD,Success,,2025-11-01 02:30:49
263,263,UPI,Success,TXN000263S,2025-06-09 17:39:13
264,264,COD,Success,,2025-10-03 00:19:09
265,265,Credit Card,Success,TXN000265S,2026-03-29 16:46:12
266,266,UPI,Success,TXN000266S,2025-07-26 16:05:50
267,267,Credit Card,Failed,TXN000267F,
268,268,COD,Success,,2025-06-17 16:48:02
269,269,Credit Card,Pending,,
270,270,Credit Card,Success,TXN000270S,2026-03-16 16:18:42
271,271,COD,Success,,2025-01-28 16:43:52
272,272,COD,Pending,,
273,273,Credit Card,Success,TXN000273S,2025-07-16 23:48:52
274,274,UPI,Success,TXN000274S,2025-02-24 23:23:17
275,275,COD,Success,,2025-08-27 01:58:05
276,276,COD,Success,,2026-03-16 15:56:59
277,277,COD,Success,,2025-03-13 12:20:27
278,278,Credit Card,Failed,TXN000278F,
279,279,UPI,Success,TXN000279S,2025-11-05 22:57:38
280,280,Credit Card,Pending,,
281,281,COD,Success,,2026-03-17 11:09:02
282,282,Credit Card,Failed,TXN000282F,
283,283,COD,Pending,,
284,284,UPI,Success,TXN000284S,2025-12-19 10:30:12
285,285,UPI,Failed,TXN000285F,
286,286,UPI,Success,TXN000286S,2026-04-06 13:56:47
287,287,UPI,Failed,TXN000287F,
288,288,Credit Card,Pending,,
289,289,Credit Card,Success,TXN000289S,2025-09-28 14:35:15
290,290,UPI,Pending,,
291,291,COD,Pending,,
292,292,Credit Card,Success,TXN000292S,2025-08-10 01:55:46
293,293,COD,Success,,2025-10-19 16:57:13
294,294,Credit Card,Success,TXN000294S,2026-03-05 16:53:12
295,295,Credit Card,Success,TXN000295S,2025-05-31 10:52:18
296,296,Credit Card,Success,TXN000296S,2025-12-13 06:14:57
297,297,COD,Pending,,
298,298,COD,Success,,2025-12-25 22:00:56
299,299,UPI,Success,TXN000299S,2025-11-03 05:03:17
300,300,UPI,Pending,,
301,301,Credit Card,Success,TXN000301S,2025-08-21 09:53:17
302,302,UPI,Failed,TXN000302F,
303,303,Credit Card,Success,TXN000303S,2025-02-01 10:31:25
304,304,Credit Card,Success,TXN000304S,2025-04-14 09:51:16
305,305,Credit Card,Success,TXN000305S,2025-08-13 18:01:36
306,306,COD,Pending,,
307,307,Credit Card,Success,TXN000307S,2026-06-18 09:06:34
308,308,Credit Card,Pending,,
309,309,UPI,Pending,,
310,310,UPI,Success,TXN000310S,2025-07-10 21:48:18
311,311,COD,Success,,2025-04-12 02:01:33
312,312,Credit Card,Success,TXN000312S,2025-11-25 09:25:16
313,313,COD,Success,,2025-09-08 13:03:19
314,314,UPI,Pending,,
315,315,UPI,Success,TXN000315S,2025-08-24 12:29:12
316,316,UPI,Success,TXN000316S,2025-02-13 14:15:09
317,317,COD,Success,,2025-03-19 21:57:38
318,318,Credit Card,Pending,,
319,319,Credit Card,Success,TXN000319S,2025-03-30 05:09:19
320,320,COD,Success,,2025-11-12 20:04:40
321,321,UPI,Pending,,
322,322,COD,Success,,2026-04-18 04:57:19
323,323,COD,Success,,2025-07-26 21:03:54
324,324,COD,Success,,2026-03-12 18:30:40
325,325,COD,Success,,2025-10-30 03:17:44
326,326,Credit Card,Success,TXN000326S,2026-02-01 13:54:31
327,327,UPI,Pending,,
328,328,UPI,Pending,,
329,329,UPI,Success,TXN000329S,2025-01-20 12:04:48
330,330,COD,Success,,2026-04-18 08:26:03
331,331,COD,Failed,TXN000331F,
332,332,Credit Card,Success,TXN000332S,2025-08-17 09:18:31
333,333,UPI,Success,TXN000333S,2025-06-24 05:45:35
334,334,Credit Card,Success,TXN000334S,2025-02-21 13:52:37
335,335,Credit Card,Success,TXN000335S,2026-02-28 16:41:41
336,336,Credit Card,Success,TXN000336S,2026-06-03 10:52:41
337,337,Credit Card,Success,TXN000337S,2025-01-19 23:56:54
338,338,COD,Success,,2026-05-26 02:40:17
339,339,UPI,Pending,,
340,340,COD,Pending,,
341,341,UPI,Pending,,
342,342,UPI,Success,TXN000342S,2026-02-06 10:06:59
343,343,COD,Success,,2025-04-12 16:21:31
344,344,UPI,Pending,,
345,345,UPI,Success,TXN000345S,2025-09-09 21:53:54
346,346,COD,Success,,2025-08-04 22:28:44
347,347,Credit Card,Success,TXN000347S,2025-05-12 12:32:13
348,348,UPI,Success,TXN000348S,2025-07-31 19:27:18
349,349,UPI,Pending,,
350,350,COD,Success,,2025-09-07 01:23:29
351,351,Credit Card,Success,TXN000351S,2026-04-24 07:22:09
352,352,Credit Card,Failed,TXN000352F,
353,353,UPI,Success,TXN000353S,2026-01-02 19:02:23
354,354,Credit Card,Success,TXN000354S,2025-12-16 12:51:39
355,355,Credit Card,Success,TXN000355S,2026-06-16 00:33:57
356,356,UPI,Failed,TXN000356F,
357,357,UPI,Pending,,
358,358,UPI,Success,TXN000358S,2025-03-24 19:51:21
359,359,COD,Success,,2026-01-08 11:47:14
360,360,Credit Card,Success,TXN000360S,2025-11-21 00:17:38
361,361,UPI,Success,TXN000361S,2025-09-28 16:02:11
362,362,Credit Card,Success,TXN000362S,2025-06-13 15:46:27
363,363,UPI,Success,TXN000363S,2026-06-20 01:50:33
364,364,COD,Success,,2026-04-19 01:07:25
365,365,UPI,Success,TXN000365S,2025-10-07 03:28:00
366,366,COD,Pending,,
367,367,Credit Card,Success,TXN000367S,2025-03-14 09:56:50
368,368,UPI,Pending,,
369,369,UPI,Success,TXN000369S,2026-06-07 09:20:03
370,370,Credit Card,Success,TXN000370S,2026-04-13 12:30:51
371,371,COD,Success,,2026-02-04 02:33:41
372,372,UPI,Failed,TXN000372F,
373,373,COD,Pending,,
374,374,UPI,Success,TXN000374S,2025-03-27 18:50:05
375,375,COD,Success,,2025-06-30 00:12:09
376,376,Credit Card,Pending,,
377,377,COD,Success,,2025-12-03 06:06:36
378,378,Credit Card,Pending,,
379,379,UPI,Success,TXN000379S,2025-05-27 16:10:10
380,380,UPI,Success,TXN000380S,2026-01-05 15:14:07
381,381,COD,Success,,2025-11-24 08:51:05
382,382,COD,Success,,2025-08-27 22:13:38
383,383,Credit Card,Pending,,
384,384,Credit Card,Success,TXN000384S,2025-03-28 02:33:15
385,385,UPI,Success,TXN000385S,2026-07-09 08:46:29
386,386,UPI,Pending,,
387,387,UPI,Success,TXN000387S,2025-11-07 00:30:15
388,388,Credit Card,Pending,,
389,389,Credit Card,Success,TXN000389S,2025-10-31 15:02:03
390,390,COD,Success,,2025-07-04 06:26:28
391,391,UPI,Pending,,
392,392,COD,Failed,TXN000392F,
393,393,COD,Failed,TXN000393F,
394,394,Credit Card,Success,TXN000394S,2025-07-07 02:30:54
395,395,Credit Card,Success,TXN000395S,2026-04-22 11:00:15
396,396,Credit Card,Success,TXN000396S,2026-04-24 13:03:13
397,397,Credit Card,Success,TXN000397S,2025-06-02 20:05:11
398,398,Credit Card,Pending,,
399,399,UPI,Pending,,
400,400,Credit Card,Pending,,
401,401,UPI,Success,TXN000401S,2025-09-14 01:29:15
402,402,Credit Card,Success,TXN000402S,2025-06-18 13:31:31
403,403,Credit Card,Success,TXN000403S,2025-08-13 18:02:27
404,404,Credit Card,Pending,,
405,405,UPI,Success,TXN000405S,2025-03-10 08:15:01
406,406,COD,Success,,2026-07-01 04:31:08
407,407,Credit Card,Pending,,
408,408,COD,Pending,,
409,409,COD,Success,,2026-03-26 08:04:57
410,410,COD,Success,,2025-08-15 22:08:09
411,411,COD,Pending,,
412,412,UPI,Success,TXN000412S,2026-03-01 00:59:21
413,413,Credit Card,Pending,,
414,414,Credit Card,Success,TXN000414S,2025-09-23 02:18:58
415,415,COD,Success,,2025-04-17 04:56:18
416,416,COD,Pending,,
417,417,Credit Card,Pending,,
418,418,UPI,Success,TXN000418S,2026-01-18 07:10:24
419,419,COD,Success,,2025-03-04 11:23:04
420,420,COD,Success,,2025-04-20 23:07:45
421,421,COD,Success,,2025-05-13 19:41:24
422,422,Credit Card,Success,TXN000422S,2025-09-05 20:27:42
423,423,UPI,Failed,TXN000423F,
424,424,COD,Success,,2026-01-08 04:39:52
425,425,COD,Success,,2025-04-19 00:41:48
426,426,UPI,Pending,,
427,427,UPI,Pending,,
428,428,Credit Card,Success,TXN000428S,2025-02-07 18:55:54
429,429,Credit Card,Success,TXN000429S,2026-05-10 02:06:20
430,430,UPI,Success,TXN000430S,2025-10-22 10:57:51
431,431,Credit Card,Success,TXN000431S,2025-04-20 11:23:19
432,432,COD,Pending,,
433,433,UPI,Success,TXN000433S,2026-07-05 12:24:26
434,434,Credit Card,Success,TXN000434S,2025-06-18 11:12:32
435,435,UPI,Success,TXN000435S,2025-01-11 10:35:30
436,436,UPI,Success,TXN000436S,2025-07-19 06:50:20
437,437,UPI,Success,TXN000437S,2025-06-21 06:58:10
438,438,COD,Success,,2025-09-01 08:26:59
439,439,UPI,Pending,,
440,440,COD,Success,,2026-05-24 15:24:45
441,441,UPI,Failed,TXN000441F,
442,442,Credit Card,Pending,,
443,443,Credit Card,Pending,,
444,444,Credit Card,Pending,,
445,445,COD,Failed,TXN000445F,
446,446,Credit Card,Success,TXN000446S,2026-05-23 15:14:39
447,447,Credit Card,Success,TXN000447S,2025-09-20 01:40:42
448,448,UPI,Pending,,
449,449,Credit Card,Success,TXN000449S,2026-06-10 09:45:39
450,450,UPI,Success,TXN000450S,2025-09-21 09:44:45
451,451,COD,Success,,2025-05-05 11:01:05
452,452,COD,Pending,,
453,453,COD,Success,,2025-07-22 15:27:46
454,454,Credit Card,Success,TXN000454S,2026-01-08 17:34:04
455,455,COD,Pending,,
456,456,Credit Card,Success,TXN000456S,2026-06-26 16:31:55
457,457,Credit Card,Pending,,
458,458,COD,Pending,,
459,459,COD,Pending,,
460,460,Credit Card,Failed,TXN000460F,
461,461,UPI,Success,TXN000461S,2025-08-02 06:10:32
462,462,Credit Card,Success,TXN000462S,2026-03-20 18:37:33
463,463,Credit Card,Pending,,
464,464,COD,Failed,TXN000464F,
465,465,UPI,Success,TXN000465S,2025-04-06 08:04:12
466,466,Credit Card,Success,TXN000466S,2026-03-13 04:05:44
467,467,COD,Pending,,
468,468,Credit Card,Success,TXN000468S,2026-05-26 16:05:21
469,469,UPI,Pending,,
470,470,UPI,Pending,,
471,471,UPI,Success,TXN000471S,2025-11-07 08:04:55
472,472,COD,Success,,2025-06-04 06:47:57
473,473,Credit Card,Success,TXN000473S,2026-07-01 13:09:07
474,474,Credit Card,Pending,,
475,475,COD,Failed,TXN000475F,
476,476,Credit Card,Success,TXN000476S,2025-03-05 04:39:20
477,477,Credit Card,Success,TXN000477S,2026-03-18 04:17:21
478,478,COD,Success,,2025-07-18 07:34:51
479,479,Credit Card,Success,TXN000479S,2025-05-10 15:43:50
480,480,UPI,Pending,,
481,481,COD,Success,,2025-09-16 02:37:38
482,482,COD,Success,,2025-09-18 11:06:26
483,483,UPI,Failed,TXN000483F,
484,484,Credit Card,Pending,,
485,485,Credit Card,Success,TXN000485S,2026-01-18 20:36:48
486,486,Credit Card,Success,TXN000486S,2025-05-03 23:03:07
487,487,UPI,Success,TXN000487S,2026-01-06 14:35:09
488,488,COD,Pending,,
489,489,Credit Card,Success,TXN000489S,2026-05-11 20:40:25
490,490,Credit Card,Success,TXN000490S,2025-12-23 01:45:07
491,491,COD,Success,,2025-05-09 10:56:22
492,492,UPI,Success,TXN000492S,2025-01-18 13:35:45
493,493,UPI,Success,TXN000493S,2026-01-15 10:16:11
494,494,UPI,Success,TXN000494S,2026-07-08 23:23:04
495,495,Credit Card,Pending,,
496,496,Credit Card,Pending,,
497,497,COD,Pending,,
498,498,Credit Card,Success,TXN000498S,2026-01-27 11:58:27
499,499,COD,Success,,2026-06-07 06:18:11
500,500,COD,Pending,,
501,501,UPI,Success,TXN000501S,2026-01-25 18:27:34
502,502,UPI,Success,TXN000502S,2025-03-04 10:55:36
503,503,COD,Success,,2026-05-16 11:44:48
504,504,Credit Card,Success,TXN000504S,2025-01-14 20:36:14
505,505,COD,Failed,TXN000505F,
506,506,UPI,Success,TXN000506S,2025-06-15 10:46:38
507,507,Credit Card,Success,TXN000507S,2025-05-19 03:47:41
508,508,COD,Success,,2025-03-02 09:13:32
509,509,Credit Card,Failed,TXN000509F,
510,510,UPI,Success,TXN000510S,2026-01-19 07:12:53
511,511,COD,Success,,2026-01-06 12:34:30
512,512,UPI,Success,TXN000512S,2025-06-29 07:03:26
513,513,Credit Card,Success,TXN000513S,2026-03-14 20:13:40
514,514,UPI,Success,TXN000514S,2025-04-04 11:11:51
515,515,UPI,Pending,,
516,516,COD,Success,,2025-03-02 07:44:06
517,517,COD,Success,,2026-07-09 01:48:22
518,518,COD,Success,,2025-09-12 08:19:07
519,519,Credit Card,Failed,TXN000519F,
520,520,COD,Success,,2026-03-23 23:09:47
521,521,Credit Card,Success,TXN000521S,2025-06-12 00:00:08
522,522,COD,Pending,,
523,523,COD,Pending,,
524,524,Credit Card,Success,TXN000524S,2026-05-15 08:21:56
525,525,UPI,Success,TXN000525S,2026-02-02 04:43:23
526,526,UPI,Success,TXN000526S,2025-10-16 16:28:22
527,527,UPI,Success,TXN000527S,2026-07-04 20:01:58
528,528,UPI,Pending,,
529,529,Credit Card,Success,TXN000529S,2025-04-28 00:24:46
530,530,Credit Card,Success,TXN000530S,2026-04-15 21:13:14
531,531,UPI,Success,TXN000531S,2026-03-05 03:03:05
532,532,Credit Card,Success,TXN000532S,2026-05-31 12:30:08
533,533,COD,Failed,TXN000533F,
534,534,COD,Success,,2025-09-09 17:59:02
535,535,UPI,Success,TXN000535S,2026-01-27 22:37:17
536,536,Credit Card,Success,TXN000536S,2025-03-28 15:32:54
537,537,UPI,Success,TXN000537S,2025-08-03 09:33:40
538,538,UPI,Success,TXN000538S,2026-03-25 13:22:49
539,539,COD,Success,,2025-11-27 13:08:43
540,540,COD,Pending,,
541,541,Credit Card,Success,TXN000541S,2025-02-18 12:38:02
542,542,COD,Success,,2025-11-24 06:03:38
543,543,COD,Success,,2025-09-27 09:55:03
544,544,COD,Success,,2026-07-04 21:27:38
545,545,Credit Card,Pending,,
546,546,COD,Success,,2026-03-14 05:51:43
547,547,Credit Card,Success,TXN000547S,2025-04-05 07:33:13
548,548,Credit Card,Success,TXN000548S,2025-08-29 01:48:53
549,549,COD,Success,,2025-10-06 05:08:41
550,550,COD,Success,,2025-10-12 16:22:41
551,551,COD,Failed,TXN000551F,
552,552,Credit Card,Success,TXN000552S,2025-09-30 08:16:09
553,553,Credit Card,Success,TXN000553S,2026-02-09 00:00:51
554,554,Credit Card,Success,TXN000554S,2026-07-07 15:42:00
555,555,UPI,Success,TXN000555S,2025-01-16 08:06:57
556,556,UPI,Success,TXN000556S,2026-07-11 07:29:11
557,557,Credit Card,Success,TXN000557S,2026-07-09 13:50:07
558,558,COD,Failed,TXN000558F,
559,559,Credit Card,Pending,,
560,560,UPI,Success,TXN000560S,2026-01-17 19:19:26
561,561,COD,Success,,2025-02-27 08:22:08
562,562,UPI,Success,TXN000562S,2026-01-19 15:06:11
563,563,UPI,Success,TXN000563S,2026-02-12 13:37:35
564,564,Credit Card,Success,TXN000564S,2025-08-03 22:45:59
565,565,Credit Card,Success,TXN000565S,2025-11-12 06:35:48
566,566,UPI,Pending,,
567,567,Credit Card,Success,TXN000567S,2025-10-26 09:22:23
568,568,Credit Card,Success,TXN000568S,2026-07-02 20:04:44
569,569,Credit Card,Success,TXN000569S,2026-03-27 08:16:58
570,570,UPI,Success,TXN000570S,2026-06-30 21:26:30
571,571,COD,Pending,,
572,572,COD,Success,,2026-01-03 15:51:25
573,573,Credit Card,Success,TXN000573S,2026-02-01 05:30:19
574,574,UPI,Success,TXN000574S,2025-09-11 10:23:22
575,575,UPI,Success,TXN000575S,2026-06-29 07:28:05
576,576,COD,Success,,2025-07-09 21:36:50
577,577,UPI,Success,TXN000577S,2025-05-16 19:59:38
578,578,UPI,Failed,TXN000578F,
579,579,Credit Card,Pending,,
580,580,COD,Success,,2025-11-10 03:59:33
581,581,UPI,Success,TXN000581S,2025-10-14 05:20:45
582,582,Credit Card,Pending,,
583,583,UPI,Success,TXN000583S,2025-03-21 22:40:19
584,584,COD,Failed,TXN000584F,
585,585,UPI,Success,TXN000585S,2025-08-26 22:45:52
586,586,UPI,Success,TXN000586S,2025-12-05 23:12:46
587,587,Credit Card,Failed,TXN000587F,
588,588,UPI,Success,TXN000588S,2025-11-14 12:04:11
589,589,COD,Failed,TXN000589F,
590,590,Credit Card,Success,TXN000590S,2026-01-05 12:25:32
591,591,COD,Success,,2025-05-21 18:09:29
592,592,COD,Failed,TXN000592F,
593,593,Credit Card,Success,TXN000593S,2025-11-15 22:42:01
594,594,UPI,Success,TXN000594S,2025-11-30 22:04:27
595,595,UPI,Success,TXN000595S,2025-10-13 14:28:25
596,596,Credit Card,Success,TXN000596S,2026-05-17 12:37:29
597,597,COD,Success,,2026-01-26 04:58:20
598,598,Credit Card,Pending,,
599,599,COD,Success,,2025-06-11 18:37:14
600,600,COD,Pending,,
