product_id,category_id,title,description,price,sku,created_at
1,27,Samsung Notebook Set,Notebook Set by Samsung - top rated in Office Supplies.,22190.29,SKU-OFF-0001,2025-04-19 09:10:31
2,9,Sony Sports Earphones,Sports Earphones by Sony - best seller in Headphones.,8612.83,SKU-HEA-0002,2025-06-30 17:06:48
3,24,Cello Meditation Cushion,Meditation Cushion by Cello - premium quality in Yoga & Wellness.,37871.88,SKU-YOG-0003,2025-12-15 21:51:48
4,12,Nike Blazer,Blazer by Nike - top rated in Men's Wear.,14161.06,SKU-MEN-0004,2025-09-19 10:34:37
5,10,Adidas Smart Watch Pro,Smart Watch Pro by Adidas - premium quality in Smart Watches.,23952.97,SKU-SMA-0005,2025-02-03 17:58:29
6,10,LG Smart Watch Pro,Smart Watch Pro by LG - premium quality in Smart Watches.,26526.41,SKU-SMA-0006,2026-05-04 06:41:42
7,13,Sony Kurti Set,Kurti Set by Sony - new arrival in Women's Wear.,69620.54,SKU-WOM-0007,2025-03-03 23:25:48
8,19,Bajaj Sunscreen SPF50,Sunscreen SPF50 by Bajaj - top rated in Skincare.,14805.34,SKU-SKI-0008,2025-10-03 22:43:33
9,27,SG Notebook Set,Notebook Set by SG - new arrival in Office Supplies.,48164.76,SKU-OFF-0009,2025-07-10 03:36:23
10,15,Classmate Formal Shoes,Formal Shoes by Classmate - top rated in Footwear.,75887.1,SKU-FOO-0010,2025-02-13 10:45:32
11,19,LG Sunscreen SPF50,Sunscreen SPF50 by LG - new arrival in Skincare.,82198.62,SKU-SKI-0011,2026-03-17 13:00:08
12,13,Prestige Palazzo Set,Palazzo Set by Prestige - value for money in Women's Wear.,13028.87,SKU-WOM-0012,2025-04-19 10:53:52
13,24,Urban Ladder Yoga Block,Yoga Block by Urban Ladder - premium quality in Yoga & Wellness.,38672.36,SKU-YOG-0013,2026-03-30 05:50:31
14,11,Nivea Action Camera,Action Camera by Nivea - best seller in Cameras.,68068.24,SKU-CAM-0014,2025-03-27 04:00:28
15,20,Prestige Shampoo,Shampoo by Prestige - value for money in Haircare.,53709.78,SKU-HAI-0015,2025-12-30 13:04:56
16,24,Classmate Meditation Cushion,Meditation Cushion by Classmate - best seller in Yoga & Wellness.,61416.59,SKU-YOG-0016,2026-02-22 01:51:08
17,17,Puma Study Table,Study Table by Puma - value for money in Furniture.,14401.57,SKU-FUR-0017,2025-01-03 12:29:49
18,23,Lakme Football,Football by Lakme - best seller in Outdoor Sports.,78371.57,SKU-OUT-0018,2025-08-20 19:24:50
19,26,Noise Reference Guide,Reference Guide by Noise - top rated in Academic.,68672.47,SKU-ACA-0019,2026-02-23 22:45:13
20,26,Nivea Competitive Exam Book,Competitive Exam Book by Nivea - best seller in Academic.,10244.72,SKU-ACA-0020,2025-10-09 22:27:06
21,8,Yonex Pavilion,Pavilion by Yonex - best seller in Laptops.,7890.68,SKU-LAP-0021,2026-01-13 11:31:07
22,24,Noise Meditation Cushion,Meditation Cushion by Noise - value for money in Yoga & Wellness.,85226.01,SKU-YOG-0022,2025-05-09 06:11:22
23,13,Cello Saree,Saree by Cello - top rated in Women's Wear.,36028.51,SKU-WOM-0023,2026-06-06 17:09:08
24,23,Boat Cycling Helmet,Cycling Helmet by Boat - new arrival in Outdoor Sports.,20376.82,SKU-OUT-0024,2025-09-20 14:22:18
25,14,Lenovo Kids Shorts Set,Kids Shorts Set by Lenovo - best seller in Kids Wear.,6574.18,SKU-KID-0025,2026-05-06 04:36:42
26,8,LG IdeaPad,IdeaPad by LG - premium quality in Laptops.,21571.82,SKU-LAP-0026,2026-06-04 14:38:58
27,11,Yonex Action Camera,Action Camera by Yonex - premium quality in Cameras.,42644.86,SKU-CAM-0027,2026-01-03 08:51:16
28,10,Classmate Fit Band,Fit Band by Classmate - value for money in Smart Watches.,32014.92,SKU-SMA-0028,2025-11-16 07:30:06
29,27,Sony Notebook Set,Notebook Set by Sony - value for money in Office Supplies.,65592.58,SKU-OFF-0029,2025-03-26 20:55:20
30,24,Noise Yoga Block,Yoga Block by Noise - value for money in Yoga & Wellness.,16676.23,SKU-YOG-0030,2025-12-26 08:00:44
31,24,Sony Meditation Cushion,Meditation Cushion by Sony - premium quality in Yoga & Wellness.,75274.28,SKU-YOG-0031,2025-03-14 10:32:38
32,20,Nivea Conditioner,Conditioner by Nivea - new arrival in Haircare.,77844.61,SKU-HAI-0032,2025-02-15 13:02:35
33,19,Bajaj Sunscreen SPF50,Sunscreen SPF50 by Bajaj - top rated in Skincare.,38185.07,SKU-SKI-0033,2026-03-08 16:16:20
34,11,Puma DSLR Camera,DSLR Camera by Puma - new arrival in Cameras.,87189.1,SKU-CAM-0034,2026-03-26 20:42:11
35,17,Sony Study Table,Study Table by Sony - premium quality in Furniture.,43014.61,SKU-FUR-0035,2026-02-17 12:54:31
36,9,LG Over-Ear Headphones,Over-Ear Headphones by LG - premium quality in Headphones.,6301.89,SKU-HEA-0036,2025-07-02 16:31:06
37,25,Yonex Fantasy Novel,Fantasy Novel by Yonex - premium quality in Fiction.,3767.8,SKU-FIC-0037,2025-03-05 16:16:53
38,25,Apple Romance Novel,Romance Novel by Apple - new arrival in Fiction.,60340.39,SKU-FIC-0038,2025-09-02 00:48:42
39,11,Penguin Action Camera,Action Camera by Penguin - top rated in Cameras.,41257.77,SKU-CAM-0039,2025-02-26 08:18:06
40,25,LG Mystery Novel,Mystery Novel by LG - premium quality in Fiction.,19340.26,SKU-FIC-0040,2025-07-25 23:41:38
41,9,Adidas Over-Ear Headphones,Over-Ear Headphones by Adidas - top rated in Headphones.,14364.67,SKU-HEA-0041,2026-02-26 22:19:00
42,27,Classmate Notebook Set,Notebook Set by Classmate - premium quality in Office Supplies.,27083.21,SKU-OFF-0042,2026-05-31 06:27:43
43,10,Urban Ladder Fit Band,Fit Band by Urban Ladder - premium quality in Smart Watches.,14158.22,SKU-SMA-0043,2025-08-07 20:19:03
44,17,Classmate Office Chair,Office Chair by Classmate - top rated in Furniture.,45584.73,SKU-FUR-0044,2025-07-15 01:14:21
45,27,Apple Sticky Notes Pack,Sticky Notes Pack by Apple - best seller in Office Supplies.,517.4,SKU-OFF-0045,2025-04-12 14:39:18
46,21,Mamaearth Compact Powder,Compact Powder by Mamaearth - best seller in Makeup.,10245.27,SKU-MAK-0046,2025-04-26 18:34:23
47,25,Philips Fantasy Novel,Fantasy Novel by Philips - new arrival in Fiction.,3955.23,SKU-FIC-0047,2025-10-11 05:35:48
48,13,Classmate Saree,Saree by Classmate - best seller in Women's Wear.,31959.34,SKU-WOM-0048,2026-03-11 20:59:06
49,14,HP Kids T-Shirt,Kids T-Shirt by HP - value for money in Kids Wear.,2424.82,SKU-KID-0049,2025-09-16 00:23:09
50,14,HP Kids Frock,Kids Frock by HP - best seller in Kids Wear.,34551.25,SKU-KID-0050,2025-01-31 01:52:44
51,13,Adidas Palazzo Set,Palazzo Set by Adidas - top rated in Women's Wear.,73883.17,SKU-WOM-0051,2025-06-26 18:41:14
52,13,Nike Palazzo Set,Palazzo Set by Nike - top rated in Women's Wear.,77817.89,SKU-WOM-0052,2025-08-05 19:16:01
53,19,Samsung Sunscreen SPF50,Sunscreen SPF50 by Samsung - best seller in Skincare.,78957.05,SKU-SKI-0053,2025-07-22 21:24:15
54,8,SG Inspiron,Inspiron by SG - value for money in Laptops.,31241.7,SKU-LAP-0054,2025-09-01 15:22:08
55,10,Yonex Smart Watch Pro,Smart Watch Pro by Yonex - new arrival in Smart Watches.,23073.08,SKU-SMA-0055,2025-12-05 16:42:04
56,13,Philips Western Dress,Western Dress by Philips - best seller in Women's Wear.,85407.93,SKU-WOM-0056,2025-09-14 11:22:29
57,10,Puma GPS Sports Watch,GPS Sports Watch by Puma - premium quality in Smart Watches.,27972.76,SKU-SMA-0057,2025-11-14 04:59:44
58,24,Dell Meditation Cushion,Meditation Cushion by Dell - value for money in Yoga & Wellness.,59909.66,SKU-YOG-0058,2025-10-22 11:46:48
59,26,Puma Textbook,Textbook by Puma - value for money in Academic.,49403.76,SKU-ACA-0059,2025-01-01 07:34:02
60,20,Bajaj Hair Serum,Hair Serum by Bajaj - value for money in Haircare.,39904.95,SKU-HAI-0060,2025-06-15 23:40:58
61,9,Lakme Noise Cancelling Headset,Noise Cancelling Headset by Lakme - premium quality in Headphones.,30298.91,SKU-HEA-0061,2025-07-02 10:16:04
62,13,Samsung Saree,Saree by Samsung - best seller in Women's Wear.,22185.86,SKU-WOM-0062,2026-01-05 01:11:00
63,20,Cello Hair Oil,Hair Oil by Cello - value for money in Haircare.,44594.07,SKU-HAI-0063,2025-07-09 12:11:58
64,7,Philips Galaxy,Galaxy by Philips - new arrival in Mobiles.,15993.62,SKU-MOB-0064,2026-02-07 07:25:56
65,14,Bajaj Kids T-Shirt,Kids T-Shirt by Bajaj - new arrival in Kids Wear.,72166.21,SKU-KID-0065,2026-06-03 12:33:03
66,17,SG Bed Frame,Bed Frame by SG - premium quality in Furniture.,38520.32,SKU-FUR-0066,2026-03-02 13:04:24
67,21,Lenovo Kajal,Kajal by Lenovo - top rated in Makeup.,68969.07,SKU-MAK-0067,2026-02-09 21:43:58
68,15,LG Sneakers,Sneakers by LG - top rated in Footwear.,21256.52,SKU-FOO-0068,2025-09-18 20:39:06
69,11,Lenovo DSLR Camera,DSLR Camera by Lenovo - value for money in Cameras.,62515.69,SKU-CAM-0069,2025-06-16 04:22:14
70,17,Philips Bed Frame,Bed Frame by Philips - best seller in Furniture.,18772.73,SKU-FUR-0070,2025-11-23 08:02:34
71,25,Nivea Thriller Novel,Thriller Novel by Nivea - best seller in Fiction.,84857.2,SKU-FIC-0071,2025-08-20 22:32:35
72,24,Urban Ladder Foam Roller,Foam Roller by Urban Ladder - premium quality in Yoga & Wellness.,72027.16,SKU-YOG-0072,2025-06-21 07:08:21
73,20,Samsung Conditioner,Conditioner by Samsung - value for money in Haircare.,30383.43,SKU-HAI-0073,2025-11-11 01:00:32
74,11,Mamaearth Action Camera,Action Camera by Mamaearth - best seller in Cameras.,81641.21,SKU-CAM-0074,2026-04-05 17:40:51
75,9,Noise Sports Earphones,Sports Earphones by Noise - value for money in Headphones.,16518.27,SKU-HEA-0075,2025-07-22 01:39:54
76,21,Nike Kajal,Kajal by Nike - value for money in Makeup.,25186.44,SKU-MAK-0076,2025-11-24 10:32:16
77,7,Mamaearth Moto Edge,Moto Edge by Mamaearth - best seller in Mobiles.,89990.72,SKU-MOB-0077,2025-09-29 19:44:01
78,27,Samsung Notebook Set,Notebook Set by Samsung - new arrival in Office Supplies.,18101.59,SKU-OFF-0078,2025-01-16 19:54:39
79,11,Classmate Mirrorless Camera,Mirrorless Camera by Classmate - best seller in Cameras.,50843.47,SKU-CAM-0079,2025-06-19 07:09:12
80,18,SG Table Lamp,Table Lamp by SG - premium quality in Home Decor.,86742.38,SKU-HOM-0080,2025-03-30 23:02:50
81,10,Samsung GPS Sports Watch,GPS Sports Watch by Samsung - top rated in Smart Watches.,51905.55,SKU-SMA-0081,2025-10-19 12:13:43
82,9,Boat Over-Ear Headphones,Over-Ear Headphones by Boat - top rated in Headphones.,76555.33,SKU-HEA-0082,2026-04-12 08:29:01
83,25,Adidas Mystery Novel,Mystery Novel by Adidas - premium quality in Fiction.,38667.35,SKU-FIC-0083,2025-10-15 19:56:30
84,17,Philips Study Table,Study Table by Philips - value for money in Furniture.,9676.39,SKU-FUR-0084,2025-10-09 07:40:27
85,20,Urban Ladder Hair Oil,Hair Oil by Urban Ladder - premium quality in Haircare.,86898.54,SKU-HAI-0085,2025-07-29 18:42:02
86,22,Philips Treadmill,Treadmill by Philips - premium quality in Gym Equipment.,24300.92,SKU-GYM-0086,2025-07-10 16:21:41
87,21,Bajaj Foundation,Foundation by Bajaj - premium quality in Makeup.,55006.79,SKU-MAK-0087,2025-10-22 08:52:21
88,17,Nivea Office Chair,Office Chair by Nivea - new arrival in Furniture.,32062.28,SKU-FUR-0088,2025-07-20 16:02:16
89,26,Apple Textbook,Textbook by Apple - premium quality in Academic.,1110.57,SKU-ACA-0089,2025-05-29 09:32:59
90,22,Cello Yoga Mat,Yoga Mat by Cello - value for money in Gym Equipment.,58201.08,SKU-GYM-0090,2026-01-17 05:34:22
91,16,Prestige Electric Kettle,Electric Kettle by Prestige - new arrival in Kitchen Appliances.,27696.3,SKU-KIT-0091,2026-03-28 16:58:54
92,18,Urban Ladder Wall Art,Wall Art by Urban Ladder - premium quality in Home Decor.,29904.06,SKU-HOM-0092,2025-12-19 10:25:29
93,14,Urban Ladder Kids T-Shirt,Kids T-Shirt by Urban Ladder - new arrival in Kids Wear.,28535.21,SKU-KID-0093,2026-02-21 05:13:41
94,13,Urban Ladder Saree,Saree by Urban Ladder - value for money in Women's Wear.,25028.67,SKU-WOM-0094,2026-04-03 22:41:47
95,16,Dell Mixer Grinder,Mixer Grinder by Dell - top rated in Kitchen Appliances.,20626.99,SKU-KIT-0095,2025-05-20 09:01:58
96,11,Sony Mirrorless Camera,Mirrorless Camera by Sony - best seller in Cameras.,49890.64,SKU-CAM-0096,2025-04-09 02:01:13
97,7,Puma OnePlus Nord,OnePlus Nord by Puma - value for money in Mobiles.,43187.54,SKU-MOB-0097,2025-09-22 15:13:08
98,22,LG Dumbbell Set,Dumbbell Set by LG - value for money in Gym Equipment.,44357.84,SKU-GYM-0098,2026-03-25 04:27:14
99,11,Yonex DSLR Camera,DSLR Camera by Yonex - top rated in Cameras.,7848.25,SKU-CAM-0099,2025-07-12 18:36:53
100,20,Lakme Hair Oil,Hair Oil by Lakme - value for money in Haircare.,40655.2,SKU-HAI-0100,2025-12-10 20:55:03
101,16,SG Mixer Grinder,Mixer Grinder by SG - best seller in Kitchen Appliances.,85292.6,SKU-KIT-0101,2025-06-11 09:26:50
102,9,Lenovo Over-Ear Headphones,Over-Ear Headphones by Lenovo - new arrival in Headphones.,49767.9,SKU-HEA-0102,2025-05-02 13:58:46
103,26,Puma Competitive Exam Book,Competitive Exam Book by Puma - best seller in Academic.,20985.57,SKU-ACA-0103,2025-08-08 14:15:08
104,14,Penguin Kids Frock,Kids Frock by Penguin - premium quality in Kids Wear.,59573.24,SKU-KID-0104,2025-06-03 15:37:02
105,27,Apple Pen Set,Pen Set by Apple - new arrival in Office Supplies.,6611.6,SKU-OFF-0105,2025-05-09 21:01:29
106,21,Bajaj Lipstick,Lipstick by Bajaj - top rated in Makeup.,63035.08,SKU-MAK-0106,2025-07-31 11:02:12
107,21,SG Lipstick,Lipstick by SG - best seller in Makeup.,80069.18,SKU-MAK-0107,2025-09-08 08:30:35
108,9,Classmate Over-Ear Headphones,Over-Ear Headphones by Classmate - premium quality in Headphones.,52922.64,SKU-HEA-0108,2025-01-17 02:43:23
109,25,HP Mystery Novel,Mystery Novel by HP - value for money in Fiction.,46801.95,SKU-FIC-0109,2025-12-10 11:45:12
110,25,Penguin Thriller Novel,Thriller Novel by Penguin - value for money in Fiction.,87220.16,SKU-FIC-0110,2026-01-01 01:37:43
111,17,HP Study Table,Study Table by HP - top rated in Furniture.,37164.73,SKU-FUR-0111,2026-01-20 20:12:43
112,24,Bajaj Meditation Cushion,Meditation Cushion by Bajaj - best seller in Yoga & Wellness.,28442.64,SKU-YOG-0112,2025-09-09 02:15:36
113,7,Mamaearth Moto Edge,Moto Edge by Mamaearth - value for money in Mobiles.,37308.63,SKU-MOB-0113,2025-05-26 16:47:31
114,27,Sony Sticky Notes Pack,Sticky Notes Pack by Sony - new arrival in Office Supplies.,24180.65,SKU-OFF-0114,2025-04-12 18:15:48
115,22,Samsung Dumbbell Set,Dumbbell Set by Samsung - premium quality in Gym Equipment.,71977.37,SKU-GYM-0115,2025-05-04 00:22:58
116,24,LG Yoga Block,Yoga Block by LG - new arrival in Yoga & Wellness.,89303.69,SKU-YOG-0116,2025-03-30 03:04:06
117,22,Lakme Resistance Bands,Resistance Bands by Lakme - top rated in Gym Equipment.,37510.03,SKU-GYM-0117,2026-01-10 18:26:38
118,24,Prestige Meditation Cushion,Meditation Cushion by Prestige - new arrival in Yoga & Wellness.,82982.76,SKU-YOG-0118,2026-01-30 18:17:48
119,15,Nike Sneakers,Sneakers by Nike - premium quality in Footwear.,24191.11,SKU-FOO-0119,2025-01-02 23:49:11
120,25,Noise Thriller Novel,Thriller Novel by Noise - value for money in Fiction.,48563.54,SKU-FIC-0120,2025-09-26 01:34:35
121,19,Nike Face Serum,Face Serum by Nike - new arrival in Skincare.,88272.56,SKU-SKI-0121,2025-07-05 11:39:28
122,20,Nike Shampoo,Shampoo by Nike - value for money in Haircare.,63528.46,SKU-HAI-0122,2025-10-24 02:39:49
123,11,Sony Mirrorless Camera,Mirrorless Camera by Sony - new arrival in Cameras.,45304.75,SKU-CAM-0123,2026-04-04 09:45:38
124,21,Lakme Lipstick,Lipstick by Lakme - value for money in Makeup.,1577.21,SKU-MAK-0124,2025-04-22 23:15:06
125,9,Apple Sports Earphones,Sports Earphones by Apple - top rated in Headphones.,56167.69,SKU-HEA-0125,2025-11-05 17:37:34
126,24,Nike Yoga Block,Yoga Block by Nike - value for money in Yoga & Wellness.,78538.99,SKU-YOG-0126,2025-01-28 21:12:27
127,27,Lenovo Desk Organizer,Desk Organizer by Lenovo - best seller in Office Supplies.,39169.64,SKU-OFF-0127,2025-03-18 11:06:46
128,21,Cello Foundation,Foundation by Cello - top rated in Makeup.,81326.48,SKU-MAK-0128,2025-02-05 17:20:01
129,18,Philips Photo Frame Set,Photo Frame Set by Philips - new arrival in Home Decor.,22127.93,SKU-HOM-0129,2025-11-17 01:12:04
130,12,LG Denim Jeans,Denim Jeans by LG - premium quality in Men's Wear.,78400.4,SKU-MEN-0130,2026-04-27 08:14:18
131,25,Lenovo Fantasy Novel,Fantasy Novel by Lenovo - value for money in Fiction.,57482.84,SKU-FIC-0131,2025-12-23 23:00:54
132,21,Classmate Kajal,Kajal by Classmate - premium quality in Makeup.,14385.21,SKU-MAK-0132,2025-12-10 02:26:23
133,27,Cello Sticky Notes Pack,Sticky Notes Pack by Cello - top rated in Office Supplies.,41222.86,SKU-OFF-0133,2025-08-23 15:57:22
134,10,Prestige Fit Band,Fit Band by Prestige - premium quality in Smart Watches.,32433.53,SKU-SMA-0134,2025-08-18 19:27:39
135,19,Samsung Sunscreen SPF50,Sunscreen SPF50 by Samsung - premium quality in Skincare.,77882.05,SKU-SKI-0135,2025-02-08 02:15:03
136,16,SG Electric Kettle,Electric Kettle by SG - top rated in Kitchen Appliances.,19865.61,SKU-KIT-0136,2025-05-28 16:19:01
137,27,Penguin Notebook Set,Notebook Set by Penguin - best seller in Office Supplies.,27941.17,SKU-OFF-0137,2025-12-09 09:32:23
138,11,Puma DSLR Camera,DSLR Camera by Puma - top rated in Cameras.,67322.78,SKU-CAM-0138,2025-05-17 10:10:05
139,23,HP Badminton Racket,Badminton Racket by HP - top rated in Outdoor Sports.,82280.6,SKU-OUT-0139,2026-01-10 06:17:40
140,17,Bajaj Study Table,Study Table by Bajaj - best seller in Furniture.,12838.98,SKU-FUR-0140,2025-06-25 05:45:45
141,19,LG Sunscreen SPF50,Sunscreen SPF50 by LG - value for money in Skincare.,1448.9,SKU-SKI-0141,2026-02-21 18:25:58
142,15,Penguin Sneakers,Sneakers by Penguin - top rated in Footwear.,9928.48,SKU-FOO-0142,2025-07-01 14:45:22
143,24,SG Yoga Block,Yoga Block by SG - new arrival in Yoga & Wellness.,58358.18,SKU-YOG-0143,2026-05-09 12:47:15
144,27,Boat Sticky Notes Pack,Sticky Notes Pack by Boat - new arrival in Office Supplies.,4271.14,SKU-OFF-0144,2025-01-29 21:41:03
145,10,Mamaearth Fit Band,Fit Band by Mamaearth - new arrival in Smart Watches.,35099.4,SKU-SMA-0145,2025-10-16 04:09:21
146,20,Philips Hair Oil,Hair Oil by Philips - best seller in Haircare.,75064.64,SKU-HAI-0146,2026-04-24 04:35:20
147,18,Bajaj Table Lamp,Table Lamp by Bajaj - value for money in Home Decor.,85558.85,SKU-HOM-0147,2025-10-09 16:57:28
148,24,Adidas Foam Roller,Foam Roller by Adidas - best seller in Yoga & Wellness.,35951.94,SKU-YOG-0148,2025-05-28 10:17:16
149,9,Penguin Over-Ear Headphones,Over-Ear Headphones by Penguin - premium quality in Headphones.,87403.18,SKU-HEA-0149,2025-02-09 06:51:06
150,11,Dell Action Camera,Action Camera by Dell - best seller in Cameras.,74716.64,SKU-CAM-0150,2026-03-07 11:10:55
151,14,Noise Kids Frock,Kids Frock by Noise - premium quality in Kids Wear.,453.63,SKU-KID-0151,2025-04-23 09:10:45
152,12,Classmate Formal Shirt,Formal Shirt by Classmate - best seller in Men's Wear.,12034.93,SKU-MEN-0152,2025-10-06 06:07:12
153,17,HP Study Table,Study Table by HP - top rated in Furniture.,4904.43,SKU-FUR-0153,2025-11-23 23:16:24
154,22,Adidas Treadmill,Treadmill by Adidas - premium quality in Gym Equipment.,53510.21,SKU-GYM-0154,2025-12-18 01:59:30
155,23,Bajaj Badminton Racket,Badminton Racket by Bajaj - best seller in Outdoor Sports.,5661.12,SKU-OUT-0155,2026-01-08 00:52:11
156,10,Cello Smart Watch Pro,Smart Watch Pro by Cello - value for money in Smart Watches.,6798.47,SKU-SMA-0156,2025-03-04 18:02:37
157,9,Apple Over-Ear Headphones,Over-Ear Headphones by Apple - premium quality in Headphones.,57049.29,SKU-HEA-0157,2026-03-02 22:06:17
158,26,Puma Textbook,Textbook by Puma - value for money in Academic.,45597.49,SKU-ACA-0158,2025-12-01 03:29:48
159,27,Philips Pen Set,Pen Set by Philips - value for money in Office Supplies.,79949.57,SKU-OFF-0159,2025-11-18 10:02:38
160,20,Nike Shampoo,Shampoo by Nike - value for money in Haircare.,28263.62,SKU-HAI-0160,2025-07-17 23:29:24
161,22,LG Dumbbell Set,Dumbbell Set by LG - best seller in Gym Equipment.,8571.06,SKU-GYM-0161,2025-03-17 00:05:29
162,11,Sony Action Camera,Action Camera by Sony - premium quality in Cameras.,86103.89,SKU-CAM-0162,2026-03-13 06:32:13
163,20,Classmate Hair Serum,Hair Serum by Classmate - value for money in Haircare.,78153.67,SKU-HAI-0163,2025-02-09 23:01:27
164,16,Boat Induction Cooktop,Induction Cooktop by Boat - premium quality in Kitchen Appliances.,45764.65,SKU-KIT-0164,2025-05-01 04:22:46
165,10,Mamaearth Smart Watch Pro,Smart Watch Pro by Mamaearth - top rated in Smart Watches.,10515.7,SKU-SMA-0165,2025-08-05 08:53:16
166,20,SG Shampoo,Shampoo by SG - top rated in Haircare.,2799.0,SKU-HAI-0166,2025-08-01 06:07:45
167,18,HP Wall Clock,Wall Clock by HP - new arrival in Home Decor.,51054.63,SKU-HOM-0167,2025-11-08 07:09:42
168,9,Prestige Over-Ear Headphones,Over-Ear Headphones by Prestige - value for money in Headphones.,40936.39,SKU-HEA-0168,2025-05-03 06:19:17
169,25,Sony Mystery Novel,Mystery Novel by Sony - new arrival in Fiction.,14334.41,SKU-FIC-0169,2026-04-25 21:20:18
170,15,Classmate Sneakers,Sneakers by Classmate - value for money in Footwear.,43811.42,SKU-FOO-0170,2025-12-10 08:18:03
171,23,Adidas Cricket Bat,Cricket Bat by Adidas - value for money in Outdoor Sports.,10156.9,SKU-OUT-0171,2026-04-06 16:49:25
172,16,Lenovo Mixer Grinder,Mixer Grinder by Lenovo - value for money in Kitchen Appliances.,88602.22,SKU-KIT-0172,2025-02-12 13:12:35
173,13,Apple Saree,Saree by Apple - top rated in Women's Wear.,29664.39,SKU-WOM-0173,2025-01-07 00:05:45
174,12,Prestige Denim Jeans,Denim Jeans by Prestige - premium quality in Men's Wear.,63388.68,SKU-MEN-0174,2026-01-24 13:33:57
175,18,Prestige Wall Clock,Wall Clock by Prestige - best seller in Home Decor.,39371.52,SKU-HOM-0175,2025-12-24 02:26:25
176,25,Yonex Thriller Novel,Thriller Novel by Yonex - value for money in Fiction.,63912.01,SKU-FIC-0176,2025-11-21 10:22:47
177,7,HP iPhone,iPhone by HP - premium quality in Mobiles.,41515.7,SKU-MOB-0177,2025-10-09 01:25:23
178,14,Yonex Kids Frock,Kids Frock by Yonex - value for money in Kids Wear.,47250.84,SKU-KID-0178,2025-11-04 09:37:33
179,14,HP Kids Frock,Kids Frock by HP - best seller in Kids Wear.,46040.4,SKU-KID-0179,2025-03-30 13:36:38
180,18,Urban Ladder Photo Frame Set,Photo Frame Set by Urban Ladder - new arrival in Home Decor.,21415.94,SKU-HOM-0180,2025-04-24 17:55:05
181,26,Penguin Reference Guide,Reference Guide by Penguin - best seller in Academic.,16106.72,SKU-ACA-0181,2026-05-03 17:48:48
182,25,Classmate Thriller Novel,Thriller Novel by Classmate - premium quality in Fiction.,57939.67,SKU-FIC-0182,2026-05-01 01:55:47
183,11,LG Mirrorless Camera,Mirrorless Camera by LG - value for money in Cameras.,39909.28,SKU-CAM-0183,2025-08-24 04:58:55
184,8,Lakme IdeaPad,IdeaPad by Lakme - best seller in Laptops.,28073.62,SKU-LAP-0184,2025-12-18 00:17:06
185,16,Penguin Mixer Grinder,Mixer Grinder by Penguin - best seller in Kitchen Appliances.,55426.75,SKU-KIT-0185,2026-01-29 20:25:45
186,24,Sony Foam Roller,Foam Roller by Sony - value for money in Yoga & Wellness.,81831.69,SKU-YOG-0186,2026-03-21 00:27:10
187,26,Lakme Competitive Exam Book,Competitive Exam Book by Lakme - new arrival in Academic.,86202.47,SKU-ACA-0187,2025-12-16 22:21:34
188,23,Sony Football,Football by Sony - new arrival in Outdoor Sports.,63743.43,SKU-OUT-0188,2025-12-08 07:24:57
189,18,Puma Photo Frame Set,Photo Frame Set by Puma - value for money in Home Decor.,36906.49,SKU-HOM-0189,2025-09-20 19:37:14
190,27,LG Desk Organizer,Desk Organizer by LG - top rated in Office Supplies.,8685.63,SKU-OFF-0190,2025-10-28 06:04:44
191,11,LG Mirrorless Camera,Mirrorless Camera by LG - premium quality in Cameras.,59791.37,SKU-CAM-0191,2025-09-29 17:07:55
192,19,SG Moisturizer,Moisturizer by SG - best seller in Skincare.,27999.45,SKU-SKI-0192,2025-10-20 13:48:40
193,23,Penguin Cricket Bat,Cricket Bat by Penguin - value for money in Outdoor Sports.,45861.27,SKU-OUT-0193,2025-01-15 03:50:30
194,13,Nivea Western Dress,Western Dress by Nivea - new arrival in Women's Wear.,20542.57,SKU-WOM-0194,2025-04-17 20:24:14
195,10,Mamaearth GPS Sports Watch,GPS Sports Watch by Mamaearth - premium quality in Smart Watches.,3588.72,SKU-SMA-0195,2025-09-19 13:44:34
196,26,Noise Competitive Exam Book,Competitive Exam Book by Noise - new arrival in Academic.,16438.97,SKU-ACA-0196,2026-05-01 06:00:23
197,8,Adidas ThinkPad,ThinkPad by Adidas - new arrival in Laptops.,87268.06,SKU-LAP-0197,2026-04-20 06:19:25
198,21,Mamaearth Foundation,Foundation by Mamaearth - new arrival in Makeup.,27989.22,SKU-MAK-0198,2025-12-31 07:05:04
199,25,Bajaj Thriller Novel,Thriller Novel by Bajaj - top rated in Fiction.,70074.54,SKU-FIC-0199,2026-01-26 14:51:36
200,13,Apple Saree,Saree by Apple - best seller in Women's Wear.,57776.88,SKU-WOM-0200,2025-10-16 07:53:42
201,10,LG Smart Watch Pro,Smart Watch Pro by LG - new arrival in Smart Watches.,24695.66,SKU-SMA-0201,2026-02-03 17:35:19
202,14,Adidas Kids Frock,Kids Frock by Adidas - best seller in Kids Wear.,37456.74,SKU-KID-0202,2025-11-04 22:26:15
203,19,Adidas Face Wash,Face Wash by Adidas - new arrival in Skincare.,2730.24,SKU-SKI-0203,2025-03-18 23:02:35
204,11,Sony DSLR Camera,DSLR Camera by Sony - top rated in Cameras.,82581.18,SKU-CAM-0204,2026-01-02 23:11:53
205,22,SG Treadmill,Treadmill by SG - best seller in Gym Equipment.,81545.0,SKU-GYM-0205,2025-01-15 18:15:29
206,24,SG Foam Roller,Foam Roller by SG - premium quality in Yoga & Wellness.,38207.28,SKU-YOG-0206,2025-08-12 18:36:09
207,8,Philips Pavilion,Pavilion by Philips - premium quality in Laptops.,41247.8,SKU-LAP-0207,2025-03-28 02:32:27
208,24,Penguin Meditation Cushion,Meditation Cushion by Penguin - premium quality in Yoga & Wellness.,51838.26,SKU-YOG-0208,2025-04-22 12:27:58
209,26,Lenovo Competitive Exam Book,Competitive Exam Book by Lenovo - premium quality in Academic.,37606.77,SKU-ACA-0209,2026-06-01 00:46:43
210,18,Lakme Wall Clock,Wall Clock by Lakme - premium quality in Home Decor.,45757.03,SKU-HOM-0210,2026-01-30 06:46:15
211,22,Penguin Dumbbell Set,Dumbbell Set by Penguin - value for money in Gym Equipment.,88296.34,SKU-GYM-0211,2025-07-17 00:23:00
212,9,Lenovo Noise Cancelling Headset,Noise Cancelling Headset by Lenovo - best seller in Headphones.,69479.82,SKU-HEA-0212,2025-09-16 06:35:46
213,24,Penguin Yoga Block,Yoga Block by Penguin - new arrival in Yoga & Wellness.,74767.45,SKU-YOG-0213,2025-12-27 21:11:54
214,12,LG Denim Jeans,Denim Jeans by LG - value for money in Men's Wear.,3520.14,SKU-MEN-0214,2025-06-06 13:55:42
215,17,Lakme Bookshelf,Bookshelf by Lakme - value for money in Furniture.,89022.22,SKU-FUR-0215,2026-02-26 18:49:33
216,27,Puma Pen Set,Pen Set by Puma - top rated in Office Supplies.,77619.04,SKU-OFF-0216,2025-02-07 03:07:54
217,15,Adidas Running Shoes,Running Shoes by Adidas - value for money in Footwear.,80074.89,SKU-FOO-0217,2025-12-08 13:17:05
218,12,Cello Blazer,Blazer by Cello - value for money in Men's Wear.,33186.75,SKU-MEN-0218,2026-02-08 08:00:12
219,20,Philips Shampoo,Shampoo by Philips - premium quality in Haircare.,89558.82,SKU-HAI-0219,2025-05-21 03:57:09
220,10,Nike Fit Band,Fit Band by Nike - top rated in Smart Watches.,27722.33,SKU-SMA-0220,2026-04-14 01:40:52
221,21,Bajaj Kajal,Kajal by Bajaj - best seller in Makeup.,65466.93,SKU-MAK-0221,2025-10-01 20:10:54
222,27,LG Notebook Set,Notebook Set by LG - value for money in Office Supplies.,32824.34,SKU-OFF-0222,2025-05-05 06:22:07
223,26,Bajaj Textbook,Textbook by Bajaj - best seller in Academic.,11534.46,SKU-ACA-0223,2025-07-03 07:16:21
224,18,Yonex Wall Art,Wall Art by Yonex - best seller in Home Decor.,54536.52,SKU-HOM-0224,2025-12-16 11:09:52
225,21,Yonex Lipstick,Lipstick by Yonex - new arrival in Makeup.,47744.5,SKU-MAK-0225,2025-11-06 03:53:32
226,14,Samsung Kids T-Shirt,Kids T-Shirt by Samsung - new arrival in Kids Wear.,45013.15,SKU-KID-0226,2025-10-28 13:58:03
227,15,Cello Sandals,Sandals by Cello - value for money in Footwear.,19467.42,SKU-FOO-0227,2026-04-21 06:13:02
228,13,Noise Kurti Set,Kurti Set by Noise - best seller in Women's Wear.,40792.43,SKU-WOM-0228,2025-12-12 17:28:26
229,18,Mamaearth Wall Clock,Wall Clock by Mamaearth - premium quality in Home Decor.,26273.53,SKU-HOM-0229,2025-08-21 23:35:51
230,27,Adidas Pen Set,Pen Set by Adidas - premium quality in Office Supplies.,20335.9,SKU-OFF-0230,2025-06-06 02:32:44
231,22,Adidas Dumbbell Set,Dumbbell Set by Adidas - premium quality in Gym Equipment.,51589.51,SKU-GYM-0231,2025-12-30 01:04:34
232,26,LG Reference Guide,Reference Guide by LG - top rated in Academic.,35953.77,SKU-ACA-0232,2026-01-07 18:57:51
233,20,Noise Shampoo,Shampoo by Noise - top rated in Haircare.,57881.01,SKU-HAI-0233,2025-12-16 12:07:57
234,18,Mamaearth Table Lamp,Table Lamp by Mamaearth - premium quality in Home Decor.,16539.29,SKU-HOM-0234,2025-04-11 05:20:55
235,10,Noise GPS Sports Watch,GPS Sports Watch by Noise - top rated in Smart Watches.,14985.21,SKU-SMA-0235,2025-09-08 14:49:56
236,18,LG Photo Frame Set,Photo Frame Set by LG - top rated in Home Decor.,17826.91,SKU-HOM-0236,2026-03-04 20:25:41
237,16,Lakme Mixer Grinder,Mixer Grinder by Lakme - new arrival in Kitchen Appliances.,53343.4,SKU-KIT-0237,2026-03-28 00:02:07
238,25,Samsung Mystery Novel,Mystery Novel by Samsung - best seller in Fiction.,4281.47,SKU-FIC-0238,2026-05-14 05:33:51
239,27,Yonex Pen Set,Pen Set by Yonex - value for money in Office Supplies.,55705.14,SKU-OFF-0239,2025-01-24 12:34:12
240,16,Nivea Induction Cooktop,Induction Cooktop by Nivea - new arrival in Kitchen Appliances.,72460.0,SKU-KIT-0240,2025-11-12 10:06:48
241,8,Bajaj Pavilion,Pavilion by Bajaj - value for money in Laptops.,43684.75,SKU-LAP-0241,2025-06-08 11:15:52
242,17,Urban Ladder Bookshelf,Bookshelf by Urban Ladder - top rated in Furniture.,87787.6,SKU-FUR-0242,2025-04-12 13:39:27
243,24,Nike Meditation Cushion,Meditation Cushion by Nike - new arrival in Yoga & Wellness.,42088.24,SKU-YOG-0243,2025-07-27 18:02:00
244,10,Puma Fit Band,Fit Band by Puma - value for money in Smart Watches.,77800.91,SKU-SMA-0244,2025-11-21 18:35:47
245,25,Dell Romance Novel,Romance Novel by Dell - new arrival in Fiction.,44943.25,SKU-FIC-0245,2026-02-04 19:09:59
246,22,LG Dumbbell Set,Dumbbell Set by LG - value for money in Gym Equipment.,45587.91,SKU-GYM-0246,2025-07-06 23:30:25
247,8,Puma Inspiron,Inspiron by Puma - value for money in Laptops.,53856.19,SKU-LAP-0247,2026-05-24 04:17:27
248,24,Boat Meditation Cushion,Meditation Cushion by Boat - value for money in Yoga & Wellness.,12226.36,SKU-YOG-0248,2025-07-25 10:07:55
249,19,Sony Sunscreen SPF50,Sunscreen SPF50 by Sony - value for money in Skincare.,4792.96,SKU-SKI-0249,2026-03-13 09:01:31
250,16,Prestige Mixer Grinder,Mixer Grinder by Prestige - premium quality in Kitchen Appliances.,40640.82,SKU-KIT-0250,2026-03-04 02:04:44
251,10,Boat Fit Band,Fit Band by Boat - value for money in Smart Watches.,33712.21,SKU-SMA-0251,2025-09-21 09:00:29
252,13,Lakme Palazzo Set,Palazzo Set by Lakme - best seller in Women's Wear.,4267.24,SKU-WOM-0252,2025-04-17 10:32:35
253,23,Noise Cycling Helmet,Cycling Helmet by Noise - premium quality in Outdoor Sports.,80402.23,SKU-OUT-0253,2025-04-19 13:42:23
254,12,SG Blazer,Blazer by SG - top rated in Men's Wear.,53515.47,SKU-MEN-0254,2026-01-30 01:02:12
255,22,Nivea Resistance Bands,Resistance Bands by Nivea - best seller in Gym Equipment.,33277.53,SKU-GYM-0255,2026-06-08 08:39:41
256,16,SG Mixer Grinder,Mixer Grinder by SG - value for money in Kitchen Appliances.,24043.63,SKU-KIT-0256,2026-05-25 05:06:05
257,14,Sony Kids Shorts Set,Kids Shorts Set by Sony - premium quality in Kids Wear.,43343.3,SKU-KID-0257,2026-02-12 04:23:56
258,19,Classmate Moisturizer,Moisturizer by Classmate - new arrival in Skincare.,3034.03,SKU-SKI-0258,2025-03-27 08:36:03
259,17,Noise Bed Frame,Bed Frame by Noise - value for money in Furniture.,62205.92,SKU-FUR-0259,2025-11-15 17:59:21
260,8,Noise ZenBook,ZenBook by Noise - premium quality in Laptops.,18818.29,SKU-LAP-0260,2025-09-10 11:21:44
261,19,HP Sunscreen SPF50,Sunscreen SPF50 by HP - value for money in Skincare.,82107.75,SKU-SKI-0261,2025-09-23 21:26:17
262,27,SG Desk Organizer,Desk Organizer by SG - value for money in Office Supplies.,17464.32,SKU-OFF-0262,2025-07-11 11:26:59
263,14,Puma Kids Frock,Kids Frock by Puma - new arrival in Kids Wear.,62182.54,SKU-KID-0263,2026-01-15 19:40:41
264,24,Apple Foam Roller,Foam Roller by Apple - top rated in Yoga & Wellness.,11143.29,SKU-YOG-0264,2026-02-26 21:48:42
265,11,Sony Mirrorless Camera,Mirrorless Camera by Sony - top rated in Cameras.,85986.17,SKU-CAM-0265,2025-03-03 09:12:55
266,22,Dell Yoga Mat,Yoga Mat by Dell - premium quality in Gym Equipment.,24546.72,SKU-GYM-0266,2026-03-13 12:46:30
267,10,Urban Ladder GPS Sports Watch,GPS Sports Watch by Urban Ladder - premium quality in Smart Watches.,21686.53,SKU-SMA-0267,2025-02-09 10:20:10
268,27,Sony Pen Set,Pen Set by Sony - best seller in Office Supplies.,37313.46,SKU-OFF-0268,2026-01-02 22:14:49
269,11,Mamaearth DSLR Camera,DSLR Camera by Mamaearth - new arrival in Cameras.,36739.29,SKU-CAM-0269,2026-01-05 11:41:02
270,16,Puma Induction Cooktop,Induction Cooktop by Puma - best seller in Kitchen Appliances.,81731.74,SKU-KIT-0270,2025-03-11 11:40:07
271,24,Urban Ladder Foam Roller,Foam Roller by Urban Ladder - best seller in Yoga & Wellness.,82207.03,SKU-YOG-0271,2025-05-16 23:26:38
272,19,HP Face Serum,Face Serum by HP - top rated in Skincare.,78930.54,SKU-SKI-0272,2025-01-08 04:45:09
273,10,Puma Smart Watch Pro,Smart Watch Pro by Puma - value for money in Smart Watches.,89020.13,SKU-SMA-0273,2026-02-26 23:51:18
274,23,Apple Cycling Helmet,Cycling Helmet by Apple - new arrival in Outdoor Sports.,72830.49,SKU-OUT-0274,2025-09-14 20:23:54
275,27,Cello Desk Organizer,Desk Organizer by Cello - new arrival in Office Supplies.,1463.76,SKU-OFF-0275,2025-09-19 20:13:35
276,13,SG Saree,Saree by SG - value for money in Women's Wear.,74462.69,SKU-WOM-0276,2026-02-05 05:31:39
277,10,Noise Fit Band,Fit Band by Noise - value for money in Smart Watches.,29258.43,SKU-SMA-0277,2025-07-12 15:55:58
278,14,Apple Kids Frock,Kids Frock by Apple - top rated in Kids Wear.,27313.74,SKU-KID-0278,2026-03-21 23:12:28
279,14,Classmate Kids T-Shirt,Kids T-Shirt by Classmate - best seller in Kids Wear.,41991.47,SKU-KID-0279,2025-05-05 01:20:14
280,16,Penguin Mixer Grinder,Mixer Grinder by Penguin - top rated in Kitchen Appliances.,33204.44,SKU-KIT-0280,2025-06-21 12:55:41
281,11,Urban Ladder Mirrorless Camera,Mirrorless Camera by Urban Ladder - premium quality in Cameras.,33750.51,SKU-CAM-0281,2026-03-03 14:28:23
282,13,Classmate Saree,Saree by Classmate - premium quality in Women's Wear.,78606.53,SKU-WOM-0282,2025-03-05 14:10:23
283,18,Yonex Wall Clock,Wall Clock by Yonex - best seller in Home Decor.,5744.87,SKU-HOM-0283,2026-03-02 08:55:18
284,25,HP Fantasy Novel,Fantasy Novel by HP - top rated in Fiction.,76931.84,SKU-FIC-0284,2025-12-10 04:30:17
285,25,LG Thriller Novel,Thriller Novel by LG - premium quality in Fiction.,40203.35,SKU-FIC-0285,2025-02-13 05:07:35
286,20,Yonex Conditioner,Conditioner by Yonex - best seller in Haircare.,50378.99,SKU-HAI-0286,2026-06-07 13:17:56
287,19,Samsung Sunscreen SPF50,Sunscreen SPF50 by Samsung - new arrival in Skincare.,52131.35,SKU-SKI-0287,2025-02-05 04:15:47
288,24,LG Meditation Cushion,Meditation Cushion by LG - value for money in Yoga & Wellness.,3048.79,SKU-YOG-0288,2025-11-14 13:49:55
289,18,Bajaj Wall Art,Wall Art by Bajaj - value for money in Home Decor.,33931.97,SKU-HOM-0289,2026-05-30 00:42:25
290,27,Boat Desk Organizer,Desk Organizer by Boat - new arrival in Office Supplies.,89356.64,SKU-OFF-0290,2025-11-02 07:08:38
291,7,Puma Galaxy,Galaxy by Puma - value for money in Mobiles.,60679.29,SKU-MOB-0291,2026-02-27 21:11:48
292,14,Bajaj Kids T-Shirt,Kids T-Shirt by Bajaj - top rated in Kids Wear.,14128.9,SKU-KID-0292,2025-05-27 09:31:48
293,8,Philips ZenBook,ZenBook by Philips - premium quality in Laptops.,68990.6,SKU-LAP-0293,2025-01-13 03:39:31
294,10,Sony GPS Sports Watch,GPS Sports Watch by Sony - value for money in Smart Watches.,53880.08,SKU-SMA-0294,2025-02-07 19:23:32
295,19,Lenovo Face Serum,Face Serum by Lenovo - premium quality in Skincare.,19709.78,SKU-SKI-0295,2025-02-13 20:11:35
296,14,Yonex Kids Shorts Set,Kids Shorts Set by Yonex - top rated in Kids Wear.,52056.24,SKU-KID-0296,2026-06-07 08:54:11
297,16,Classmate Electric Kettle,Electric Kettle by Classmate - premium quality in Kitchen Appliances.,20048.64,SKU-KIT-0297,2025-08-22 09:44:37
298,25,Penguin Fantasy Novel,Fantasy Novel by Penguin - value for money in Fiction.,50114.39,SKU-FIC-0298,2025-02-06 09:58:58
299,19,Cello Sunscreen SPF50,Sunscreen SPF50 by Cello - value for money in Skincare.,36860.67,SKU-SKI-0299,2025-08-21 22:19:36
300,24,Lenovo Yoga Block,Yoga Block by Lenovo - new arrival in Yoga & Wellness.,27205.13,SKU-YOG-0300,2025-04-23 02:54:41
301,24,Philips Yoga Block,Yoga Block by Philips - premium quality in Yoga & Wellness.,47792.26,SKU-YOG-0301,2025-10-29 16:39:21
302,17,Bajaj Study Table,Study Table by Bajaj - top rated in Furniture.,8502.27,SKU-FUR-0302,2025-05-28 22:50:05
303,26,Sony Textbook,Textbook by Sony - best seller in Academic.,17096.06,SKU-ACA-0303,2026-04-02 09:21:13
304,22,Nike Yoga Mat,Yoga Mat by Nike - top rated in Gym Equipment.,86139.37,SKU-GYM-0304,2025-01-12 21:50:27
305,22,Cello Yoga Mat,Yoga Mat by Cello - premium quality in Gym Equipment.,63397.42,SKU-GYM-0305,2025-11-05 01:45:26
306,17,Prestige Bookshelf,Bookshelf by Prestige - value for money in Furniture.,48120.78,SKU-FUR-0306,2025-10-07 01:05:00
307,23,Bajaj Cycling Helmet,Cycling Helmet by Bajaj - best seller in Outdoor Sports.,72291.93,SKU-OUT-0307,2025-12-31 15:56:08
308,13,Nike Western Dress,Western Dress by Nike - value for money in Women's Wear.,4304.25,SKU-WOM-0308,2025-06-21 20:50:53
309,15,Puma Sneakers,Sneakers by Puma - new arrival in Footwear.,17817.02,SKU-FOO-0309,2025-06-28 15:51:28
310,14,Mamaearth Kids Frock,Kids Frock by Mamaearth - top rated in Kids Wear.,23306.94,SKU-KID-0310,2026-01-15 12:33:26
311,22,HP Treadmill,Treadmill by HP - top rated in Gym Equipment.,15399.06,SKU-GYM-0311,2026-03-01 12:21:43
312,27,Lakme Notebook Set,Notebook Set by Lakme - best seller in Office Supplies.,75547.35,SKU-OFF-0312,2025-02-27 17:37:09
313,7,Noise Pixel,Pixel by Noise - new arrival in Mobiles.,6302.52,SKU-MOB-0313,2025-04-28 07:23:48
314,21,Sony Kajal,Kajal by Sony - premium quality in Makeup.,57467.03,SKU-MAK-0314,2026-04-24 20:45:13
315,22,Samsung Dumbbell Set,Dumbbell Set by Samsung - premium quality in Gym Equipment.,49736.59,SKU-GYM-0315,2025-01-10 04:55:05
316,24,Samsung Yoga Block,Yoga Block by Samsung - premium quality in Yoga & Wellness.,73220.52,SKU-YOG-0316,2026-06-08 12:53:05
317,10,Noise GPS Sports Watch,GPS Sports Watch by Noise - new arrival in Smart Watches.,17434.5,SKU-SMA-0317,2026-02-13 21:51:03
318,19,Adidas Face Wash,Face Wash by Adidas - value for money in Skincare.,41417.0,SKU-SKI-0318,2025-07-08 21:43:25
319,9,LG Wireless Earbuds,Wireless Earbuds by LG - value for money in Headphones.,34256.91,SKU-HEA-0319,2026-03-06 07:06:05
320,7,HP Moto Edge,Moto Edge by HP - best seller in Mobiles.,45086.28,SKU-MOB-0320,2025-12-04 00:39:43
321,23,Lenovo Cricket Bat,Cricket Bat by Lenovo - new arrival in Outdoor Sports.,81133.31,SKU-OUT-0321,2026-03-17 05:37:20
322,9,Mamaearth Noise Cancelling Headset,Noise Cancelling Headset by Mamaearth - premium quality in Headphones.,59297.21,SKU-HEA-0322,2025-05-20 07:24:36
323,13,Cello Saree,Saree by Cello - value for money in Women's Wear.,83611.97,SKU-WOM-0323,2025-08-21 10:55:32
324,25,Classmate Thriller Novel,Thriller Novel by Classmate - premium quality in Fiction.,29988.34,SKU-FIC-0324,2025-04-19 16:52:05
325,23,Sony Badminton Racket,Badminton Racket by Sony - best seller in Outdoor Sports.,39449.53,SKU-OUT-0325,2025-03-01 01:04:58
326,26,Nike Competitive Exam Book,Competitive Exam Book by Nike - best seller in Academic.,57143.24,SKU-ACA-0326,2025-12-16 22:51:51
327,24,Philips Yoga Block,Yoga Block by Philips - new arrival in Yoga & Wellness.,61235.6,SKU-YOG-0327,2026-05-29 03:49:01
328,26,Lenovo Competitive Exam Book,Competitive Exam Book by Lenovo - best seller in Academic.,7566.01,SKU-ACA-0328,2025-04-30 18:53:13
329,19,Adidas Sunscreen SPF50,Sunscreen SPF50 by Adidas - best seller in Skincare.,8417.53,SKU-SKI-0329,2025-08-28 10:31:18
330,15,Noise Running Shoes,Running Shoes by Noise - best seller in Footwear.,17026.78,SKU-FOO-0330,2025-12-15 15:03:09
331,20,Samsung Shampoo,Shampoo by Samsung - best seller in Haircare.,31980.5,SKU-HAI-0331,2025-03-14 06:50:36
332,19,Puma Face Wash,Face Wash by Puma - value for money in Skincare.,35023.4,SKU-SKI-0332,2025-03-07 18:54:48
333,25,Classmate Fantasy Novel,Fantasy Novel by Classmate - value for money in Fiction.,15420.26,SKU-FIC-0333,2025-07-28 21:00:46
334,11,HP DSLR Camera,DSLR Camera by HP - value for money in Cameras.,24980.38,SKU-CAM-0334,2025-08-21 19:47:13
335,15,Urban Ladder Formal Shoes,Formal Shoes by Urban Ladder - value for money in Footwear.,53522.81,SKU-FOO-0335,2025-06-01 21:16:59
336,16,Prestige Mixer Grinder,Mixer Grinder by Prestige - top rated in Kitchen Appliances.,75775.88,SKU-KIT-0336,2025-10-23 01:39:43
337,17,Penguin Bed Frame,Bed Frame by Penguin - premium quality in Furniture.,12422.98,SKU-FUR-0337,2025-09-07 01:37:54
338,22,HP Resistance Bands,Resistance Bands by HP - value for money in Gym Equipment.,87190.52,SKU-GYM-0338,2025-08-15 08:59:14
339,22,Nike Yoga Mat,Yoga Mat by Nike - value for money in Gym Equipment.,25369.95,SKU-GYM-0339,2025-11-02 04:50:30
340,13,Classmate Saree,Saree by Classmate - premium quality in Women's Wear.,2616.07,SKU-WOM-0340,2025-12-25 13:15:42
341,21,Cello Kajal,Kajal by Cello - best seller in Makeup.,73742.11,SKU-MAK-0341,2025-11-14 18:57:07
342,27,Lenovo Desk Organizer,Desk Organizer by Lenovo - top rated in Office Supplies.,59346.93,SKU-OFF-0342,2025-11-25 15:40:36
343,21,Yonex Compact Powder,Compact Powder by Yonex - value for money in Makeup.,48185.19,SKU-MAK-0343,2025-11-21 21:41:24
344,24,Penguin Foam Roller,Foam Roller by Penguin - best seller in Yoga & Wellness.,10020.37,SKU-YOG-0344,2025-07-12 19:21:38
345,12,Yonex Formal Shirt,Formal Shirt by Yonex - value for money in Men's Wear.,87018.64,SKU-MEN-0345,2025-09-15 13:24:37
346,7,Apple Galaxy,Galaxy by Apple - new arrival in Mobiles.,46057.73,SKU-MOB-0346,2026-02-07 23:05:28
347,25,Bajaj Fantasy Novel,Fantasy Novel by Bajaj - top rated in Fiction.,35322.85,SKU-FIC-0347,2026-04-03 04:06:43
348,18,Nivea Wall Clock,Wall Clock by Nivea - best seller in Home Decor.,26728.81,SKU-HOM-0348,2025-03-08 16:26:58
349,18,Nike Photo Frame Set,Photo Frame Set by Nike - value for money in Home Decor.,70626.45,SKU-HOM-0349,2026-02-09 18:17:04
350,10,Urban Ladder Smart Watch Pro,Smart Watch Pro by Urban Ladder - value for money in Smart Watches.,28837.07,SKU-SMA-0350,2025-08-22 05:19:41
351,7,Penguin iPhone,iPhone by Penguin - best seller in Mobiles.,61006.11,SKU-MOB-0351,2025-05-08 15:46:56
352,23,Mamaearth Football,Football by Mamaearth - new arrival in Outdoor Sports.,29921.87,SKU-OUT-0352,2025-11-28 04:06:04
353,19,HP Moisturizer,Moisturizer by HP - value for money in Skincare.,35722.3,SKU-SKI-0353,2026-04-22 23:46:58
354,25,Prestige Thriller Novel,Thriller Novel by Prestige - best seller in Fiction.,63484.26,SKU-FIC-0354,2025-06-09 20:06:02
355,25,Mamaearth Mystery Novel,Mystery Novel by Mamaearth - new arrival in Fiction.,33047.21,SKU-FIC-0355,2025-06-03 01:43:50
356,22,SG Resistance Bands,Resistance Bands by SG - value for money in Gym Equipment.,55094.5,SKU-GYM-0356,2026-04-01 22:33:39
357,21,Classmate Foundation,Foundation by Classmate - top rated in Makeup.,82696.7,SKU-MAK-0357,2026-04-04 09:32:08
358,17,Lenovo Study Table,Study Table by Lenovo - top rated in Furniture.,10701.01,SKU-FUR-0358,2025-10-17 22:55:46
359,19,SG Face Serum,Face Serum by SG - new arrival in Skincare.,51816.58,SKU-SKI-0359,2025-11-25 14:00:52
360,27,Mamaearth Pen Set,Pen Set by Mamaearth - new arrival in Office Supplies.,44168.85,SKU-OFF-0360,2025-04-19 23:19:01
361,26,Adidas Reference Guide,Reference Guide by Adidas - best seller in Academic.,43716.88,SKU-ACA-0361,2025-06-01 13:27:31
362,27,Philips Sticky Notes Pack,Sticky Notes Pack by Philips - value for money in Office Supplies.,37522.61,SKU-OFF-0362,2025-12-11 17:59:46
363,25,Lenovo Mystery Novel,Mystery Novel by Lenovo - top rated in Fiction.,3135.02,SKU-FIC-0363,2025-06-24 15:23:06
364,21,Mamaearth Compact Powder,Compact Powder by Mamaearth - premium quality in Makeup.,10365.35,SKU-MAK-0364,2025-03-30 16:57:58
365,24,Urban Ladder Meditation Cushion,Meditation Cushion by Urban Ladder - value for money in Yoga & Wellness.,49261.52,SKU-YOG-0365,2025-11-27 05:27:28
366,16,Bajaj Mixer Grinder,Mixer Grinder by Bajaj - top rated in Kitchen Appliances.,31501.21,SKU-KIT-0366,2025-03-09 13:28:50
367,13,Cello Western Dress,Western Dress by Cello - premium quality in Women's Wear.,57021.8,SKU-WOM-0367,2025-05-09 22:07:17
368,13,Yonex Kurti Set,Kurti Set by Yonex - top rated in Women's Wear.,47997.82,SKU-WOM-0368,2026-04-09 14:14:01
369,16,Yonex Induction Cooktop,Induction Cooktop by Yonex - top rated in Kitchen Appliances.,85724.28,SKU-KIT-0369,2026-02-04 13:23:25
370,11,Sony Mirrorless Camera,Mirrorless Camera by Sony - top rated in Cameras.,78059.87,SKU-CAM-0370,2025-04-09 13:22:00
371,11,Nike Action Camera,Action Camera by Nike - new arrival in Cameras.,68579.33,SKU-CAM-0371,2025-11-02 00:28:21
372,27,Penguin Desk Organizer,Desk Organizer by Penguin - value for money in Office Supplies.,33889.48,SKU-OFF-0372,2025-02-28 15:43:31
373,23,Cello Badminton Racket,Badminton Racket by Cello - top rated in Outdoor Sports.,41030.67,SKU-OUT-0373,2026-01-15 01:48:30
374,9,Penguin Sports Earphones,Sports Earphones by Penguin - top rated in Headphones.,76538.54,SKU-HEA-0374,2026-02-20 02:23:38
375,13,Apple Palazzo Set,Palazzo Set by Apple - top rated in Women's Wear.,74584.26,SKU-WOM-0375,2025-09-20 08:12:44
376,25,Nike Thriller Novel,Thriller Novel by Nike - best seller in Fiction.,4324.67,SKU-FIC-0376,2026-05-02 08:49:56
377,10,Bajaj Fit Band,Fit Band by Bajaj - value for money in Smart Watches.,259.7,SKU-SMA-0377,2025-11-29 06:45:25
378,27,HP Desk Organizer,Desk Organizer by HP - top rated in Office Supplies.,8580.93,SKU-OFF-0378,2025-10-07 23:00:09
379,27,Sony Pen Set,Pen Set by Sony - value for money in Office Supplies.,56378.26,SKU-OFF-0379,2025-07-01 20:45:27
380,10,Dell Fit Band,Fit Band by Dell - value for money in Smart Watches.,7197.9,SKU-SMA-0380,2026-04-07 02:59:16
381,21,Samsung Lipstick,Lipstick by Samsung - top rated in Makeup.,73575.39,SKU-MAK-0381,2025-11-25 00:30:08
382,9,Prestige Over-Ear Headphones,Over-Ear Headphones by Prestige - best seller in Headphones.,65821.55,SKU-HEA-0382,2025-03-21 13:22:51
383,16,Prestige Electric Kettle,Electric Kettle by Prestige - new arrival in Kitchen Appliances.,57812.54,SKU-KIT-0383,2025-04-21 22:58:27
384,7,Penguin OnePlus Nord,OnePlus Nord by Penguin - new arrival in Mobiles.,39719.93,SKU-MOB-0384,2025-06-15 11:38:29
385,20,Dell Conditioner,Conditioner by Dell - best seller in Haircare.,80713.05,SKU-HAI-0385,2025-04-19 18:02:02
386,18,Nike Wall Art,Wall Art by Nike - new arrival in Home Decor.,22450.22,SKU-HOM-0386,2026-05-16 16:35:54
387,26,Urban Ladder Textbook,Textbook by Urban Ladder - premium quality in Academic.,25784.89,SKU-ACA-0387,2025-01-21 20:02:35
388,13,Urban Ladder Saree,Saree by Urban Ladder - value for money in Women's Wear.,26738.68,SKU-WOM-0388,2025-02-12 09:14:32
389,19,Lenovo Face Wash,Face Wash by Lenovo - value for money in Skincare.,57498.79,SKU-SKI-0389,2025-02-25 03:45:34
390,17,Prestige Office Chair,Office Chair by Prestige - premium quality in Furniture.,37992.55,SKU-FUR-0390,2026-03-01 08:49:05
391,9,Yonex Wireless Earbuds,Wireless Earbuds by Yonex - best seller in Headphones.,1437.65,SKU-HEA-0391,2025-06-17 13:44:23
392,19,Penguin Sunscreen SPF50,Sunscreen SPF50 by Penguin - premium quality in Skincare.,69085.48,SKU-SKI-0392,2025-11-26 00:00:52
393,27,Apple Pen Set,Pen Set by Apple - best seller in Office Supplies.,28028.64,SKU-OFF-0393,2026-02-02 03:24:37
394,11,Nike Action Camera,Action Camera by Nike - value for money in Cameras.,52861.06,SKU-CAM-0394,2026-05-20 17:53:12
395,16,Urban Ladder Air Fryer,Air Fryer by Urban Ladder - new arrival in Kitchen Appliances.,5398.95,SKU-KIT-0395,2025-03-08 23:07:22
396,21,Puma Lipstick,Lipstick by Puma - new arrival in Makeup.,10924.98,SKU-MAK-0396,2025-04-17 13:48:47
397,22,Lakme Resistance Bands,Resistance Bands by Lakme - premium quality in Gym Equipment.,70511.24,SKU-GYM-0397,2025-07-21 08:42:49
398,15,Samsung Running Shoes,Running Shoes by Samsung - top rated in Footwear.,72677.28,SKU-FOO-0398,2025-07-31 06:05:08
399,25,Nivea Mystery Novel,Mystery Novel by Nivea - value for money in Fiction.,46067.21,SKU-FIC-0399,2025-02-13 01:27:35
400,18,Apple Table Lamp,Table Lamp by Apple - best seller in Home Decor.,80504.3,SKU-HOM-0400,2026-06-08 14:30:56
401,23,Sony Cricket Bat,Cricket Bat by Sony - best seller in Outdoor Sports.,22159.72,SKU-OUT-0401,2026-01-02 10:19:45
402,11,Sony DSLR Camera,DSLR Camera by Sony - premium quality in Cameras.,72318.77,SKU-CAM-0402,2026-05-25 07:11:43
403,14,Urban Ladder Kids Frock,Kids Frock by Urban Ladder - top rated in Kids Wear.,24557.96,SKU-KID-0403,2025-03-02 11:55:12
404,23,HP Cricket Bat,Cricket Bat by HP - new arrival in Outdoor Sports.,72428.55,SKU-OUT-0404,2025-02-05 16:10:15
405,21,Puma Kajal,Kajal by Puma - top rated in Makeup.,7956.42,SKU-MAK-0405,2025-12-21 18:21:57
406,16,Urban Ladder Induction Cooktop,Induction Cooktop by Urban Ladder - premium quality in Kitchen Appliances.,21983.04,SKU-KIT-0406,2025-10-14 01:07:04
407,24,Noise Meditation Cushion,Meditation Cushion by Noise - best seller in Yoga & Wellness.,83928.3,SKU-YOG-0407,2025-01-19 13:43:10
408,27,Nike Notebook Set,Notebook Set by Nike - best seller in Office Supplies.,68350.84,SKU-OFF-0408,2025-10-20 06:16:16
409,10,Lakme Fit Band,Fit Band by Lakme - new arrival in Smart Watches.,37898.46,SKU-SMA-0409,2025-02-16 12:31:30
410,9,Lenovo Wireless Earbuds,Wireless Earbuds by Lenovo - premium quality in Headphones.,37291.5,SKU-HEA-0410,2025-10-17 07:45:13
411,25,Lakme Mystery Novel,Mystery Novel by Lakme - new arrival in Fiction.,57420.97,SKU-FIC-0411,2025-11-03 07:14:27
412,8,Classmate ThinkPad,ThinkPad by Classmate - new arrival in Laptops.,21461.1,SKU-LAP-0412,2025-07-22 17:13:25
413,19,Nike Sunscreen SPF50,Sunscreen SPF50 by Nike - value for money in Skincare.,24620.64,SKU-SKI-0413,2025-02-28 00:16:28
414,25,Noise Mystery Novel,Mystery Novel by Noise - best seller in Fiction.,14959.87,SKU-FIC-0414,2025-12-28 23:53:49
415,24,Dell Yoga Block,Yoga Block by Dell - value for money in Yoga & Wellness.,27885.03,SKU-YOG-0415,2025-07-25 20:06:20
416,12,Cello Casual T-Shirt,Casual T-Shirt by Cello - premium quality in Men's Wear.,3820.62,SKU-MEN-0416,2025-09-12 14:31:00
417,14,Prestige Kids Frock,Kids Frock by Prestige - premium quality in Kids Wear.,4594.77,SKU-KID-0417,2025-08-21 02:47:40
418,19,Mamaearth Face Serum,Face Serum by Mamaearth - premium quality in Skincare.,22635.77,SKU-SKI-0418,2025-12-25 21:06:37
419,7,Lenovo Galaxy,Galaxy by Lenovo - new arrival in Mobiles.,17991.35,SKU-MOB-0419,2025-11-08 03:23:10
420,25,LG Romance Novel,Romance Novel by LG - best seller in Fiction.,89744.1,SKU-FIC-0420,2025-06-03 14:20:00
421,11,Nike DSLR Camera,DSLR Camera by Nike - best seller in Cameras.,4033.13,SKU-CAM-0421,2025-12-25 01:34:05
422,19,Samsung Face Serum,Face Serum by Samsung - value for money in Skincare.,61551.52,SKU-SKI-0422,2025-05-15 05:21:35
423,15,Bajaj Sandals,Sandals by Bajaj - new arrival in Footwear.,3310.52,SKU-FOO-0423,2026-04-26 22:17:14
424,16,Philips Air Fryer,Air Fryer by Philips - premium quality in Kitchen Appliances.,43215.98,SKU-KIT-0424,2025-03-10 03:14:53
425,20,Penguin Hair Oil,Hair Oil by Penguin - premium quality in Haircare.,22572.47,SKU-HAI-0425,2026-02-27 06:29:42
426,18,Mamaearth Wall Art,Wall Art by Mamaearth - value for money in Home Decor.,31093.26,SKU-HOM-0426,2026-03-16 08:30:03
427,15,Samsung Formal Shoes,Formal Shoes by Samsung - top rated in Footwear.,53820.05,SKU-FOO-0427,2025-01-23 18:15:21
428,22,Yonex Resistance Bands,Resistance Bands by Yonex - new arrival in Gym Equipment.,87662.39,SKU-GYM-0428,2025-03-19 18:38:21
429,15,Lenovo Running Shoes,Running Shoes by Lenovo - premium quality in Footwear.,76215.16,SKU-FOO-0429,2025-10-29 16:43:14
430,14,Nike Kids Shorts Set,Kids Shorts Set by Nike - top rated in Kids Wear.,82274.4,SKU-KID-0430,2025-01-22 21:48:30
431,25,Yonex Fantasy Novel,Fantasy Novel by Yonex - new arrival in Fiction.,75334.38,SKU-FIC-0431,2026-01-18 07:46:16
432,22,LG Dumbbell Set,Dumbbell Set by LG - best seller in Gym Equipment.,21088.58,SKU-GYM-0432,2025-06-19 22:53:39
433,7,SG iPhone,iPhone by SG - new arrival in Mobiles.,72617.8,SKU-MOB-0433,2025-09-22 16:12:32
434,8,Noise Inspiron,Inspiron by Noise - premium quality in Laptops.,63480.73,SKU-LAP-0434,2025-04-21 00:35:49
435,18,Adidas Wall Clock,Wall Clock by Adidas - value for money in Home Decor.,52823.3,SKU-HOM-0435,2025-09-19 09:57:11
436,12,Penguin Blazer,Blazer by Penguin - value for money in Men's Wear.,58495.39,SKU-MEN-0436,2025-05-16 07:22:23
437,14,Yonex Kids Shorts Set,Kids Shorts Set by Yonex - new arrival in Kids Wear.,34177.89,SKU-KID-0437,2025-08-17 18:11:59
438,7,Yonex Moto Edge,Moto Edge by Yonex - value for money in Mobiles.,76596.98,SKU-MOB-0438,2026-03-17 18:38:43
439,26,Penguin Reference Guide,Reference Guide by Penguin - premium quality in Academic.,9548.1,SKU-ACA-0439,2026-01-21 09:33:35
440,9,Adidas Over-Ear Headphones,Over-Ear Headphones by Adidas - top rated in Headphones.,15275.29,SKU-HEA-0440,2025-03-10 21:58:21
441,21,Apple Lipstick,Lipstick by Apple - new arrival in Makeup.,22607.77,SKU-MAK-0441,2025-02-22 15:47:10
442,7,Prestige Galaxy,Galaxy by Prestige - value for money in Mobiles.,65985.09,SKU-MOB-0442,2025-05-10 04:46:23
443,19,Mamaearth Sunscreen SPF50,Sunscreen SPF50 by Mamaearth - value for money in Skincare.,9307.28,SKU-SKI-0443,2026-01-08 10:19:38
444,14,Bajaj Kids T-Shirt,Kids T-Shirt by Bajaj - best seller in Kids Wear.,71966.67,SKU-KID-0444,2025-01-26 22:51:34
445,15,LG Running Shoes,Running Shoes by LG - top rated in Footwear.,15474.45,SKU-FOO-0445,2025-10-19 15:02:32
446,24,Nike Meditation Cushion,Meditation Cushion by Nike - premium quality in Yoga & Wellness.,88676.79,SKU-YOG-0446,2026-01-10 22:51:57
447,27,SG Pen Set,Pen Set by SG - value for money in Office Supplies.,14306.92,SKU-OFF-0447,2025-03-20 15:34:56
448,20,Classmate Hair Serum,Hair Serum by Classmate - top rated in Haircare.,26905.58,SKU-HAI-0448,2025-03-16 12:00:08
449,24,Noise Yoga Block,Yoga Block by Noise - best seller in Yoga & Wellness.,32601.44,SKU-YOG-0449,2025-11-29 03:09:10
450,13,Samsung Kurti Set,Kurti Set by Samsung - new arrival in Women's Wear.,15539.73,SKU-WOM-0450,2025-08-15 15:45:35
451,10,Prestige Smart Watch Pro,Smart Watch Pro by Prestige - value for money in Smart Watches.,44119.89,SKU-SMA-0451,2026-05-29 10:40:47
452,24,HP Yoga Block,Yoga Block by HP - top rated in Yoga & Wellness.,79716.24,SKU-YOG-0452,2025-10-14 22:08:46
453,15,Bajaj Sneakers,Sneakers by Bajaj - top rated in Footwear.,20515.56,SKU-FOO-0453,2025-07-28 14:21:30
454,10,Classmate Fit Band,Fit Band by Classmate - top rated in Smart Watches.,72773.58,SKU-SMA-0454,2025-11-18 13:16:13
455,24,Prestige Meditation Cushion,Meditation Cushion by Prestige - premium quality in Yoga & Wellness.,37792.16,SKU-YOG-0455,2026-02-20 22:42:43
456,14,Puma Kids Frock,Kids Frock by Puma - best seller in Kids Wear.,35652.43,SKU-KID-0456,2025-01-27 23:23:09
457,25,Boat Fantasy Novel,Fantasy Novel by Boat - value for money in Fiction.,15723.53,SKU-FIC-0457,2025-05-10 20:10:38
458,11,Philips DSLR Camera,DSLR Camera by Philips - best seller in Cameras.,88946.54,SKU-CAM-0458,2025-12-05 04:19:06
459,26,Nike Competitive Exam Book,Competitive Exam Book by Nike - best seller in Academic.,8014.06,SKU-ACA-0459,2026-03-09 03:22:49
460,15,Samsung Sneakers,Sneakers by Samsung - premium quality in Footwear.,52963.33,SKU-FOO-0460,2025-11-22 21:47:45
461,11,Yonex Action Camera,Action Camera by Yonex - premium quality in Cameras.,68301.29,SKU-CAM-0461,2025-03-19 19:56:16
462,10,Mamaearth Smart Watch Pro,Smart Watch Pro by Mamaearth - top rated in Smart Watches.,79033.84,SKU-SMA-0462,2025-07-25 03:51:49
463,25,Sony Thriller Novel,Thriller Novel by Sony - new arrival in Fiction.,24931.19,SKU-FIC-0463,2025-04-22 17:36:29
464,8,Nike ThinkPad,ThinkPad by Nike - new arrival in Laptops.,4625.33,SKU-LAP-0464,2026-01-05 02:42:32
465,18,Nike Wall Clock,Wall Clock by Nike - top rated in Home Decor.,28122.25,SKU-HOM-0465,2026-01-17 20:26:46
466,10,Noise Fit Band,Fit Band by Noise - top rated in Smart Watches.,87683.9,SKU-SMA-0466,2025-12-11 04:10:49
467,20,Dell Shampoo,Shampoo by Dell - value for money in Haircare.,19181.87,SKU-HAI-0467,2025-11-13 06:12:20
468,18,Lakme Wall Clock,Wall Clock by Lakme - new arrival in Home Decor.,6091.4,SKU-HOM-0468,2026-01-29 15:20:55
469,23,HP Cricket Bat,Cricket Bat by HP - new arrival in Outdoor Sports.,78790.21,SKU-OUT-0469,2025-06-05 21:49:05
470,8,Sony ThinkPad,ThinkPad by Sony - top rated in Laptops.,63475.13,SKU-LAP-0470,2025-08-01 19:18:38
471,19,Classmate Face Wash,Face Wash by Classmate - best seller in Skincare.,21925.04,SKU-SKI-0471,2026-01-15 15:38:42
472,22,Adidas Resistance Bands,Resistance Bands by Adidas - new arrival in Gym Equipment.,75420.31,SKU-GYM-0472,2025-07-20 21:46:13
473,16,Prestige Mixer Grinder,Mixer Grinder by Prestige - best seller in Kitchen Appliances.,14828.09,SKU-KIT-0473,2026-03-21 11:39:48
474,27,Classmate Pen Set,Pen Set by Classmate - new arrival in Office Supplies.,24362.71,SKU-OFF-0474,2025-11-15 01:46:02
475,22,Penguin Yoga Mat,Yoga Mat by Penguin - new arrival in Gym Equipment.,54181.55,SKU-GYM-0475,2025-01-07 13:46:31
476,16,Philips Induction Cooktop,Induction Cooktop by Philips - value for money in Kitchen Appliances.,76671.44,SKU-KIT-0476,2025-12-23 12:20:35
477,16,Yonex Air Fryer,Air Fryer by Yonex - best seller in Kitchen Appliances.,858.81,SKU-KIT-0477,2026-05-30 11:12:01
478,27,Puma Desk Organizer,Desk Organizer by Puma - best seller in Office Supplies.,43459.11,SKU-OFF-0478,2025-09-19 04:46:53
479,15,Penguin Sandals,Sandals by Penguin - top rated in Footwear.,17113.74,SKU-FOO-0479,2026-02-06 19:03:04
480,26,Classmate Competitive Exam Book,Competitive Exam Book by Classmate - top rated in Academic.,61330.87,SKU-ACA-0480,2025-01-20 18:31:14
481,15,Prestige Sneakers,Sneakers by Prestige - value for money in Footwear.,66357.54,SKU-FOO-0481,2026-03-29 20:20:58
482,17,Classmate Office Chair,Office Chair by Classmate - premium quality in Furniture.,57519.56,SKU-FUR-0482,2026-01-05 12:20:48
483,23,HP Badminton Racket,Badminton Racket by HP - premium quality in Outdoor Sports.,16465.0,SKU-OUT-0483,2025-03-17 19:27:10
484,24,Classmate Meditation Cushion,Meditation Cushion by Classmate - top rated in Yoga & Wellness.,58967.23,SKU-YOG-0484,2025-06-22 15:06:20
485,16,Nike Air Fryer,Air Fryer by Nike - top rated in Kitchen Appliances.,23597.22,SKU-KIT-0485,2025-08-17 09:30:36
486,8,Yonex ZenBook,ZenBook by Yonex - premium quality in Laptops.,84997.23,SKU-LAP-0486,2025-02-25 07:33:27
487,10,Prestige GPS Sports Watch,GPS Sports Watch by Prestige - premium quality in Smart Watches.,26991.35,SKU-SMA-0487,2025-02-11 23:47:17
488,13,Philips Western Dress,Western Dress by Philips - premium quality in Women's Wear.,80376.49,SKU-WOM-0488,2025-12-22 09:44:59
489,9,Nike Sports Earphones,Sports Earphones by Nike - new arrival in Headphones.,28343.58,SKU-HEA-0489,2025-02-15 01:27:06
490,13,Yonex Saree,Saree by Yonex - new arrival in Women's Wear.,44163.02,SKU-WOM-0490,2025-03-10 09:12:34
491,27,Prestige Sticky Notes Pack,Sticky Notes Pack by Prestige - value for money in Office Supplies.,86885.44,SKU-OFF-0491,2025-10-25 17:32:09
492,13,Samsung Western Dress,Western Dress by Samsung - top rated in Women's Wear.,68163.93,SKU-WOM-0492,2026-02-17 11:11:14
493,7,Urban Ladder Moto Edge,Moto Edge by Urban Ladder - new arrival in Mobiles.,20517.66,SKU-MOB-0493,2025-09-25 11:08:42
494,19,HP Sunscreen SPF50,Sunscreen SPF50 by HP - best seller in Skincare.,74180.18,SKU-SKI-0494,2025-08-20 14:53:34
495,23,Philips Badminton Racket,Badminton Racket by Philips - new arrival in Outdoor Sports.,30976.41,SKU-OUT-0495,2026-01-16 17:35:34
496,19,Lenovo Face Wash,Face Wash by Lenovo - new arrival in Skincare.,65498.76,SKU-SKI-0496,2025-04-12 21:51:10
497,25,Boat Fantasy Novel,Fantasy Novel by Boat - top rated in Fiction.,64056.69,SKU-FIC-0497,2025-01-30 00:30:17
498,24,Sony Foam Roller,Foam Roller by Sony - premium quality in Yoga & Wellness.,89521.28,SKU-YOG-0498,2026-05-30 04:00:49
499,7,Cello Galaxy,Galaxy by Cello - best seller in Mobiles.,37625.45,SKU-MOB-0499,2025-10-23 08:26:38
500,22,Dell Yoga Mat,Yoga Mat by Dell - best seller in Gym Equipment.,27239.26,SKU-GYM-0500,2026-05-29 22:19:18
501,15,Philips Formal Shoes,Formal Shoes by Philips - best seller in Footwear.,46139.31,SKU-FOO-0501,2026-04-25 18:43:28
502,10,Dell Smart Watch Pro,Smart Watch Pro by Dell - premium quality in Smart Watches.,18136.49,SKU-SMA-0502,2025-07-24 06:33:42
503,18,Puma Wall Art,Wall Art by Puma - new arrival in Home Decor.,3737.63,SKU-HOM-0503,2026-01-21 12:43:20
504,22,Lenovo Resistance Bands,Resistance Bands by Lenovo - best seller in Gym Equipment.,1343.9,SKU-GYM-0504,2025-03-11 03:07:59
505,22,LG Yoga Mat,Yoga Mat by LG - premium quality in Gym Equipment.,6938.33,SKU-GYM-0505,2025-03-20 16:11:28
506,21,Apple Kajal,Kajal by Apple - value for money in Makeup.,4696.2,SKU-MAK-0506,2025-05-16 16:40:39
507,18,Philips Photo Frame Set,Photo Frame Set by Philips - best seller in Home Decor.,8729.86,SKU-HOM-0507,2025-02-05 15:26:04
508,27,Nike Pen Set,Pen Set by Nike - top rated in Office Supplies.,80527.58,SKU-OFF-0508,2026-04-28 23:19:23
509,18,HP Photo Frame Set,Photo Frame Set by HP - best seller in Home Decor.,36188.82,SKU-HOM-0509,2025-12-21 14:29:52
510,20,Boat Hair Oil,Hair Oil by Boat - new arrival in Haircare.,62715.05,SKU-HAI-0510,2025-02-15 13:14:52
511,20,Yonex Conditioner,Conditioner by Yonex - value for money in Haircare.,16476.2,SKU-HAI-0511,2025-10-22 23:04:03
512,7,Urban Ladder Moto Edge,Moto Edge by Urban Ladder - new arrival in Mobiles.,43579.55,SKU-MOB-0512,2026-01-15 03:16:05
513,8,Apple Inspiron,Inspiron by Apple - top rated in Laptops.,1308.95,SKU-LAP-0513,2026-02-12 15:18:53
514,25,Classmate Fantasy Novel,Fantasy Novel by Classmate - top rated in Fiction.,46814.15,SKU-FIC-0514,2026-04-26 04:48:38
515,14,Adidas Kids Frock,Kids Frock by Adidas - value for money in Kids Wear.,13548.17,SKU-KID-0515,2026-03-10 16:17:27
516,7,HP Moto Edge,Moto Edge by HP - premium quality in Mobiles.,76425.33,SKU-MOB-0516,2026-01-21 03:01:58
517,22,Lenovo Resistance Bands,Resistance Bands by Lenovo - top rated in Gym Equipment.,87318.03,SKU-GYM-0517,2025-02-09 02:36:19
518,27,Prestige Sticky Notes Pack,Sticky Notes Pack by Prestige - new arrival in Office Supplies.,7277.99,SKU-OFF-0518,2025-12-12 00:16:50
519,9,Bajaj Sports Earphones,Sports Earphones by Bajaj - top rated in Headphones.,10858.88,SKU-HEA-0519,2026-01-22 07:42:40
520,10,Philips Smart Watch Pro,Smart Watch Pro by Philips - best seller in Smart Watches.,50229.36,SKU-SMA-0520,2025-01-01 03:09:49
521,26,Puma Textbook,Textbook by Puma - premium quality in Academic.,50696.46,SKU-ACA-0521,2026-05-24 10:33:12
522,17,Sony Bookshelf,Bookshelf by Sony - new arrival in Furniture.,76018.71,SKU-FUR-0522,2025-09-15 20:25:05
523,22,Cello Resistance Bands,Resistance Bands by Cello - value for money in Gym Equipment.,10438.3,SKU-GYM-0523,2026-05-27 18:58:38
524,18,Mamaearth Photo Frame Set,Photo Frame Set by Mamaearth - premium quality in Home Decor.,33774.35,SKU-HOM-0524,2025-03-24 13:59:24
525,11,Urban Ladder Action Camera,Action Camera by Urban Ladder - value for money in Cameras.,9804.14,SKU-CAM-0525,2026-04-20 11:06:08
526,19,Bajaj Moisturizer,Moisturizer by Bajaj - new arrival in Skincare.,64566.55,SKU-SKI-0526,2025-03-25 16:53:56
527,27,Bajaj Notebook Set,Notebook Set by Bajaj - value for money in Office Supplies.,59328.41,SKU-OFF-0527,2026-01-27 14:55:26
528,23,Mamaearth Cricket Bat,Cricket Bat by Mamaearth - value for money in Outdoor Sports.,75524.69,SKU-OUT-0528,2026-01-11 02:30:15
529,12,Urban Ladder Denim Jeans,Denim Jeans by Urban Ladder - new arrival in Men's Wear.,9498.15,SKU-MEN-0529,2026-05-26 17:05:41
530,17,Philips Bed Frame,Bed Frame by Philips - premium quality in Furniture.,82447.74,SKU-FUR-0530,2025-07-12 19:30:23
531,16,Noise Air Fryer,Air Fryer by Noise - new arrival in Kitchen Appliances.,37263.54,SKU-KIT-0531,2026-02-02 21:51:50
532,17,Dell Office Chair,Office Chair by Dell - new arrival in Furniture.,56249.25,SKU-FUR-0532,2025-08-14 16:47:39
533,11,Penguin Action Camera,Action Camera by Penguin - new arrival in Cameras.,45448.63,SKU-CAM-0533,2026-05-10 16:15:21
534,18,Yonex Wall Art,Wall Art by Yonex - premium quality in Home Decor.,84851.09,SKU-HOM-0534,2025-11-21 06:21:09
535,16,Samsung Air Fryer,Air Fryer by Samsung - premium quality in Kitchen Appliances.,9760.05,SKU-KIT-0535,2025-10-23 19:56:14
536,13,HP Western Dress,Western Dress by HP - top rated in Women's Wear.,61567.45,SKU-WOM-0536,2025-04-24 17:37:22
537,13,Adidas Kurti Set,Kurti Set by Adidas - value for money in Women's Wear.,9401.7,SKU-WOM-0537,2026-06-09 16:43:03
538,27,Lenovo Sticky Notes Pack,Sticky Notes Pack by Lenovo - premium quality in Office Supplies.,70629.78,SKU-OFF-0538,2025-08-12 09:58:23
539,19,Philips Face Serum,Face Serum by Philips - top rated in Skincare.,86930.82,SKU-SKI-0539,2025-02-11 18:56:44
540,13,Lenovo Palazzo Set,Palazzo Set by Lenovo - top rated in Women's Wear.,68007.67,SKU-WOM-0540,2026-03-01 13:38:40
541,13,Bajaj Western Dress,Western Dress by Bajaj - new arrival in Women's Wear.,88513.11,SKU-WOM-0541,2025-02-27 20:12:09
542,10,Sony Smart Watch Pro,Smart Watch Pro by Sony - value for money in Smart Watches.,25263.28,SKU-SMA-0542,2025-07-25 05:46:59
543,15,Nike Running Shoes,Running Shoes by Nike - value for money in Footwear.,63929.1,SKU-FOO-0543,2025-05-01 05:47:14
544,26,Penguin Reference Guide,Reference Guide by Penguin - premium quality in Academic.,75912.97,SKU-ACA-0544,2025-08-22 21:55:57
545,18,Cello Wall Clock,Wall Clock by Cello - top rated in Home Decor.,47379.48,SKU-HOM-0545,2025-05-23 19:34:06
546,12,Mamaearth Blazer,Blazer by Mamaearth - premium quality in Men's Wear.,36425.85,SKU-MEN-0546,2025-09-29 09:20:35
547,17,Adidas Bookshelf,Bookshelf by Adidas - top rated in Furniture.,19815.39,SKU-FUR-0547,2026-04-26 05:35:08
548,27,Boat Notebook Set,Notebook Set by Boat - top rated in Office Supplies.,40219.92,SKU-OFF-0548,2026-05-14 20:40:31
549,8,Nike ZenBook,ZenBook by Nike - value for money in Laptops.,82449.73,SKU-LAP-0549,2025-03-30 01:26:42
550,16,Lakme Mixer Grinder,Mixer Grinder by Lakme - top rated in Kitchen Appliances.,46383.95,SKU-KIT-0550,2026-01-31 03:31:07
551,16,Nike Electric Kettle,Electric Kettle by Nike - premium quality in Kitchen Appliances.,7593.62,SKU-KIT-0551,2025-03-16 12:45:27
552,7,LG Moto Edge,Moto Edge by LG - new arrival in Mobiles.,60395.09,SKU-MOB-0552,2025-06-15 13:52:20
553,10,Mamaearth Fit Band,Fit Band by Mamaearth - value for money in Smart Watches.,58260.19,SKU-SMA-0553,2025-02-26 00:25:24
554,7,Cello Pixel,Pixel by Cello - top rated in Mobiles.,3601.19,SKU-MOB-0554,2025-02-26 21:26:32
555,24,Yonex Meditation Cushion,Meditation Cushion by Yonex - new arrival in Yoga & Wellness.,82005.59,SKU-YOG-0555,2025-11-13 14:49:32
556,20,Samsung Hair Serum,Hair Serum by Samsung - value for money in Haircare.,60661.23,SKU-HAI-0556,2026-02-20 10:02:07
557,9,Cello Wireless Earbuds,Wireless Earbuds by Cello - best seller in Headphones.,32320.47,SKU-HEA-0557,2026-01-26 13:33:36
558,16,Puma Mixer Grinder,Mixer Grinder by Puma - value for money in Kitchen Appliances.,34449.94,SKU-KIT-0558,2026-05-29 04:46:21
559,24,Noise Meditation Cushion,Meditation Cushion by Noise - value for money in Yoga & Wellness.,71748.99,SKU-YOG-0559,2026-02-28 21:02:29
560,16,Samsung Induction Cooktop,Induction Cooktop by Samsung - premium quality in Kitchen Appliances.,78753.07,SKU-KIT-0560,2025-04-20 19:23:59
561,25,Mamaearth Thriller Novel,Thriller Novel by Mamaearth - premium quality in Fiction.,85237.75,SKU-FIC-0561,2025-08-25 15:51:17
562,18,Philips Table Lamp,Table Lamp by Philips - premium quality in Home Decor.,12991.47,SKU-HOM-0562,2025-05-23 21:52:22
563,13,HP Kurti Set,Kurti Set by HP - premium quality in Women's Wear.,76731.15,SKU-WOM-0563,2026-03-03 07:19:34
564,9,Classmate Noise Cancelling Headset,Noise Cancelling Headset by Classmate - best seller in Headphones.,22710.75,SKU-HEA-0564,2025-06-03 08:07:50
565,17,Noise Bookshelf,Bookshelf by Noise - new arrival in Furniture.,9183.05,SKU-FUR-0565,2026-04-27 04:36:40
566,22,Nike Treadmill,Treadmill by Nike - premium quality in Gym Equipment.,59415.12,SKU-GYM-0566,2026-03-30 17:43:00
567,17,HP Bed Frame,Bed Frame by HP - best seller in Furniture.,28325.69,SKU-FUR-0567,2025-06-22 01:32:18
568,20,Adidas Hair Serum,Hair Serum by Adidas - new arrival in Haircare.,61225.3,SKU-HAI-0568,2025-09-15 12:46:52
569,21,Puma Kajal,Kajal by Puma - value for money in Makeup.,49739.13,SKU-MAK-0569,2025-05-17 12:35:35
570,15,Mamaearth Formal Shoes,Formal Shoes by Mamaearth - new arrival in Footwear.,23837.47,SKU-FOO-0570,2026-05-02 17:01:21
571,7,Penguin OnePlus Nord,OnePlus Nord by Penguin - best seller in Mobiles.,73174.29,SKU-MOB-0571,2026-03-26 15:29:34
572,8,Apple MacBook Air,MacBook Air by Apple - premium quality in Laptops.,80478.94,SKU-LAP-0572,2026-02-24 04:18:38
573,18,Lenovo Wall Art,Wall Art by Lenovo - premium quality in Home Decor.,66042.77,SKU-HOM-0573,2025-08-15 00:37:03
574,23,Prestige Cricket Bat,Cricket Bat by Prestige - top rated in Outdoor Sports.,45293.62,SKU-OUT-0574,2026-05-30 17:13:20
575,12,Bajaj Denim Jeans,Denim Jeans by Bajaj - new arrival in Men's Wear.,16286.24,SKU-MEN-0575,2026-03-16 11:30:36
576,18,Lenovo Wall Clock,Wall Clock by Lenovo - value for money in Home Decor.,21010.14,SKU-HOM-0576,2025-07-25 07:58:25
577,13,Prestige Western Dress,Western Dress by Prestige - value for money in Women's Wear.,82626.59,SKU-WOM-0577,2025-02-06 01:39:25
578,10,Lakme GPS Sports Watch,GPS Sports Watch by Lakme - top rated in Smart Watches.,75170.53,SKU-SMA-0578,2025-07-24 12:34:02
579,12,Penguin Blazer,Blazer by Penguin - value for money in Men's Wear.,33002.65,SKU-MEN-0579,2026-05-23 11:04:33
580,15,Lenovo Sneakers,Sneakers by Lenovo - premium quality in Footwear.,36643.63,SKU-FOO-0580,2025-09-25 23:52:07
581,7,Noise OnePlus Nord,OnePlus Nord by Noise - value for money in Mobiles.,15070.4,SKU-MOB-0581,2025-03-01 21:01:43
582,13,HP Saree,Saree by HP - new arrival in Women's Wear.,32726.62,SKU-WOM-0582,2025-04-02 21:50:06
583,17,Nivea Study Table,Study Table by Nivea - value for money in Furniture.,43215.1,SKU-FUR-0583,2026-04-04 21:08:26
584,20,Lenovo Shampoo,Shampoo by Lenovo - best seller in Haircare.,11683.08,SKU-HAI-0584,2026-04-06 02:09:38
585,23,Yonex Cricket Bat,Cricket Bat by Yonex - new arrival in Outdoor Sports.,5219.9,SKU-OUT-0585,2025-07-20 14:18:31
586,19,Urban Ladder Face Wash,Face Wash by Urban Ladder - top rated in Skincare.,85262.4,SKU-SKI-0586,2025-06-18 05:35:38
587,22,HP Treadmill,Treadmill by HP - new arrival in Gym Equipment.,74765.65,SKU-GYM-0587,2026-04-12 16:26:43
588,12,HP Casual T-Shirt,Casual T-Shirt by HP - top rated in Men's Wear.,83026.2,SKU-MEN-0588,2026-04-09 08:11:16
589,19,Noise Face Serum,Face Serum by Noise - best seller in Skincare.,1686.32,SKU-SKI-0589,2026-02-11 00:02:44
590,20,SG Hair Oil,Hair Oil by SG - best seller in Haircare.,16131.51,SKU-HAI-0590,2026-04-23 11:44:11
591,24,Boat Foam Roller,Foam Roller by Boat - best seller in Yoga & Wellness.,43504.24,SKU-YOG-0591,2025-04-12 05:30:20
592,7,Penguin Moto Edge,Moto Edge by Penguin - value for money in Mobiles.,47078.57,SKU-MOB-0592,2025-10-15 16:20:09
593,20,Nivea Hair Oil,Hair Oil by Nivea - value for money in Haircare.,31675.5,SKU-HAI-0593,2026-03-24 11:40:13
594,15,Lenovo Sneakers,Sneakers by Lenovo - best seller in Footwear.,25636.35,SKU-FOO-0594,2026-02-27 07:52:51
595,7,Urban Ladder Moto Edge,Moto Edge by Urban Ladder - best seller in Mobiles.,52102.25,SKU-MOB-0595,2025-04-02 12:29:03
596,27,Cello Pen Set,Pen Set by Cello - top rated in Office Supplies.,36913.29,SKU-OFF-0596,2025-03-24 18:51:18
597,15,Mamaearth Sandals,Sandals by Mamaearth - value for money in Footwear.,50906.39,SKU-FOO-0597,2026-04-21 06:16:57
598,13,Mamaearth Palazzo Set,Palazzo Set by Mamaearth - premium quality in Women's Wear.,43524.6,SKU-WOM-0598,2025-10-15 13:16:11
599,15,Yonex Sandals,Sandals by Yonex - top rated in Footwear.,69721.66,SKU-FOO-0599,2025-11-06 05:40:35
600,14,Cello Kids Frock,Kids Frock by Cello - new arrival in Kids Wear.,9204.02,SKU-KID-0600,2026-01-30 20:12:37
