user_id,first_name,last_name,email,password_hash,phone,created_at
1,Isaac,Bakshi,isaac.bakshi@example.com,hash_pw_0001,9691176704,2026-04-22 22:15:44
2,Abeer,Dutta,abeer.dutta@example.com,hash_pw_0002,9782767320,2025-01-05 02:37:28
3,Harsh,Chanda,harsh.chanda@example.com,hash_pw_0003,9606450366,2026-04-12 05:23:09
4,Rehaan,Boase,rehaan.boase@example.com,hash_pw_0004,9382492880,2025-06-22 06:05:49
5,Sudiksha,Patla,sudiksha.patla@example.com,hash_pw_0005,9753939761,2025-01-30 07:48:37
6,Dominic,Kakar,dominic.kakar@example.com,hash_pw_0006,9407593997,2026-07-07 17:17:38
7,Mohini,Pathak,mohini.pathak@example.com,hash_pw_0007,9787507560,2026-01-19 23:41:40
8,Zayan,Apte,zayan.apte@example.com,hash_pw_0008,9805324063,2026-02-07 11:04:38
9,Sudiksha,Aggarwal,sudiksha.aggarwal@example.com,hash_pw_0009,9136087763,2026-04-11 15:46:04
10,Ekiya,Suresh,ekiya.suresh@example.com,hash_pw_0010,9760555221,2025-05-12 15:23:24
11,Sai,Muni,sai.muni@example.com,hash_pw_0011,9803321425,2025-01-01 05:21:18
12,Devansh,Nigam,devansh.nigam@example.com,hash_pw_0012,9396284956,2025-11-07 05:59:01
13,Daniel,Karnik,daniel.karnik@example.com,hash_pw_0013,9535349662,2026-04-01 05:19:34
14,Vedika,Kala,vedika.kala@example.com,hash_pw_0014,9116499677,2026-07-01 12:27:48
15,Girindra,Chatterjee,girindra.chatterjee@example.com,hash_pw_0015,9690120616,2025-08-09 23:20:54
16,Zaid,Borra,zaid.borra@example.com,hash_pw_0016,9975652436,2025-08-03 18:28:47
17,Ojas,Ray,ojas.ray@example.com,hash_pw_0017,9588293766,2025-11-10 18:17:39
18,Vidhi,Dubey,vidhi.dubey@example.com,hash_pw_0018,9287942172,2025-11-13 05:32:22
19,Nakul,Bhandari,nakul.bhandari@example.com,hash_pw_0019,9177723844,2026-01-26 19:45:11
20,Jagdish,Koshy,jagdish.koshy@example.com,hash_pw_0020,9225637455,2026-02-03 16:21:26
21,Advika,Jayaraman,advika.jayaraman@example.com,hash_pw_0021,9973110318,2026-03-23 12:47:55
22,Diya,Bora,diya.bora@example.com,hash_pw_0022,9504886868,2026-03-14 10:13:25
23,Bhavani,Dugar,bhavani.dugar@example.com,hash_pw_0023,9932792876,2025-12-23 09:33:16
24,Aishani,Tiwari,aishani.tiwari@example.com,hash_pw_0024,9224842139,2025-07-20 06:06:31
25,Chaitanya,Aggarwal,chaitanya.aggarwal@example.com,hash_pw_0025,9780389168,2025-06-21 04:13:27
26,Balveer,Parmar,balveer.parmar@example.com,hash_pw_0026,9479134231,2026-02-06 04:20:11
27,Nisha,Kothari,nisha.kothari@example.com,hash_pw_0027,9366564581,2025-08-12 03:27:57
28,Ryan,Sharma,ryan.sharma@example.com,hash_pw_0028,9823377624,2025-09-23 15:12:33
29,Mohini,Narasimhan,mohini.narasimhan@example.com,hash_pw_0029,9291647610,2026-01-06 03:38:15
30,Garima,Bala,garima.bala@example.com,hash_pw_0030,9334683594,2026-03-22 14:46:42
31,Ikbal,Saraf,ikbal.saraf@example.com,hash_pw_0031,9901179178,2026-06-15 14:02:35
32,Aachal,Basu,aachal.basu@example.com,hash_pw_0032,9891468251,2025-06-05 02:03:14
33,Ekaraj,Narayanan,ekaraj.narayanan@example.com,hash_pw_0033,9384976854,2025-06-10 14:37:59
34,Chakrika,Datta,chakrika.datta@example.com,hash_pw_0034,9996510519,2025-07-13 22:39:36
35,Udyati,Sathe,udyati.sathe@example.com,hash_pw_0035,9936378830,2025-03-24 20:49:57
36,Gautami,Chander,gautami.chander@example.com,hash_pw_0036,9825647741,2026-05-31 07:07:16
37,Warda,Ratta,warda.ratta@example.com,hash_pw_0037,9145379683,2026-01-10 14:34:33
38,Zarna,Shetty,zarna.shetty@example.com,hash_pw_0038,9628646448,2026-03-23 05:49:02
39,Edhitha,Savant,edhitha.savant@example.com,hash_pw_0039,9296357164,2026-02-02 00:13:17
40,Aradhana,Verma,aradhana.verma@example.com,hash_pw_0040,9338470307,2026-03-24 21:49:05
41,Gautami,Nagarajan,gautami.nagarajan@example.com,hash_pw_0041,9664504128,2025-11-25 16:34:11
42,Ojasvi,Bhatia,ojasvi.bhatia@example.com,hash_pw_0042,9639528648,2025-09-27 17:56:07
43,Thomas,Sura,thomas.sura@example.com,hash_pw_0043,9229244346,2026-06-27 08:13:19
44,Meera,Bala,meera.bala@example.com,hash_pw_0044,9840034196,2025-01-07 12:56:03
45,Falak,Kakar,falak.kakar@example.com,hash_pw_0045,9507407714,2026-03-28 06:46:41
46,Zayyan,Bumb,zayyan.bumb@example.com,hash_pw_0046,9488267537,2026-04-21 23:00:41
47,Banjeet,Balasubramanian,banjeet.balasubramanian@example.com,hash_pw_0047,9689015467,2025-07-24 03:51:40
48,Urvashi,Contractor,urvashi.contractor@example.com,hash_pw_0048,9606103226,2026-04-22 04:42:53
49,Nihal,Mukhopadhyay,nihal.mukhopadhyay@example.com,hash_pw_0049,9297475805,2026-01-23 09:44:49
50,Idika,Walia,idika.walia@example.com,hash_pw_0050,9852384450,2025-10-17 04:21:16
51,Hitesh,Sant,hitesh.sant@example.com,hash_pw_0051,9400249927,2025-12-17 02:11:50
52,Veda,Shroff,veda.shroff@example.com,hash_pw_0052,9718360105,2026-06-17 20:11:20
53,Yagnesh,Shetty,yagnesh.shetty@example.com,hash_pw_0053,9873969707,2025-07-29 16:12:57
54,Vinaya,Kala,vinaya.kala@example.com,hash_pw_0054,9564091344,2025-10-23 20:10:51
55,Advaith,Varughese,advaith.varughese@example.com,hash_pw_0055,9959033676,2025-04-27 03:46:40
56,Yagnesh,Mohan,yagnesh.mohan@example.com,hash_pw_0056,9552604373,2026-01-24 01:10:42
57,Ganga,Pandey,ganga.pandey@example.com,hash_pw_0057,9673359435,2025-09-03 05:34:56
58,Tarak,Sule,tarak.sule@example.com,hash_pw_0058,9703591560,2026-03-18 01:12:09
59,Utkarsh,Patel,utkarsh.patel@example.com,hash_pw_0059,9206273380,2026-06-21 08:39:28
60,Chakradev,Bhagat,chakradev.bhagat@example.com,hash_pw_0060,9331356272,2025-07-17 12:18:11
61,Vanya,Comar,vanya.comar@example.com,hash_pw_0061,9899500884,2025-09-17 22:27:00
62,Max,Dixit,max.dixit@example.com,hash_pw_0062,9486876247,2026-03-12 05:40:54
63,Dalaja,Bhasin,dalaja.bhasin@example.com,hash_pw_0063,9121298026,2025-11-16 19:46:46
64,Oscar,Borde,oscar.borde@example.com,hash_pw_0064,9829699746,2026-04-16 08:45:19
65,Bachittar,Kata,bachittar.kata@example.com,hash_pw_0065,9287409640,2025-08-10 01:29:28
66,Pavani,Contractor,pavani.contractor@example.com,hash_pw_0066,9822835305,2026-02-01 11:22:32
67,Anita,Tella,anita.tella@example.com,hash_pw_0067,9509171868,2026-04-22 15:31:18
68,Ekantika,Krishna,ekantika.krishna@example.com,hash_pw_0068,9778295798,2025-04-23 12:10:07
69,Banjeet,Gill,banjeet.gill@example.com,hash_pw_0069,9552922001,2026-05-06 07:47:21
70,Henry,Dyal,henry.dyal@example.com,hash_pw_0070,9184945787,2025-05-06 19:53:21
71,Suhani,Chakrabarti,suhani.chakrabarti@example.com,hash_pw_0071,9436598800,2025-09-04 03:02:18
72,Raksha,Sundaram,raksha.sundaram@example.com,hash_pw_0072,9391250425,2025-12-12 13:30:25
73,Nikita,Chander,nikita.chander@example.com,hash_pw_0073,9583493761,2025-11-18 13:18:55
74,Yashodhara,Mahajan,yashodhara.mahajan@example.com,hash_pw_0074,9124804609,2025-04-08 02:54:46
75,Chanchal,Suri,chanchal.suri@example.com,hash_pw_0075,9326099417,2025-05-10 15:26:11
76,Vivaan,Roy,vivaan.roy@example.com,hash_pw_0076,9168496565,2026-01-03 12:49:21
77,Ria,Chaudhry,ria.chaudhry@example.com,hash_pw_0077,9927783767,2025-11-05 08:50:59
78,Lajita,Nadig,lajita.nadig@example.com,hash_pw_0078,9381805975,2026-04-26 02:15:34
79,Gautam,Saraf,gautam.saraf@example.com,hash_pw_0079,9803121225,2025-10-30 19:15:36
80,Daksh,Memon,daksh.memon@example.com,hash_pw_0080,9365639987,2025-08-09 17:24:40
81,Wridesh,Tank,wridesh.tank@example.com,hash_pw_0081,9665585273,2025-05-13 12:21:48
82,Udyati,Mani,udyati.mani@example.com,hash_pw_0082,9812480457,2025-10-05 04:00:10
83,Zashil,Shan,zashil.shan@example.com,hash_pw_0083,9601645174,2026-02-24 21:13:08
84,Jagrati,Merchant,jagrati.merchant@example.com,hash_pw_0084,9577648615,2025-04-15 22:43:27
85,Bahadurjit,Patla,bahadurjit.patla@example.com,hash_pw_0085,9777582116,2026-05-09 21:07:27
86,Vasatika,Merchant,vasatika.merchant@example.com,hash_pw_0086,9786965530,2026-05-12 17:40:14
87,Suhani,Pillay,suhani.pillay@example.com,hash_pw_0087,9617169553,2026-02-24 04:08:34
88,Falak,Kant,falak.kant@example.com,hash_pw_0088,9574443895,2025-08-28 03:04:44
89,Daksha,Tailor,daksha.tailor@example.com,hash_pw_0089,9378965689,2025-05-01 22:47:07
90,Kamala,Zachariah,kamala.zachariah@example.com,hash_pw_0090,9100099158,2026-02-11 11:19:18
91,Ati,Bali,ati.bali@example.com,hash_pw_0091,9407908620,2025-12-31 10:29:01
92,Suhani,Chand,suhani.chand@example.com,hash_pw_0092,9911182636,2026-01-06 13:10:29
93,Ekapad,Johal,ekapad.johal@example.com,hash_pw_0093,9922345794,2025-12-01 07:53:44
94,Maanav,De,maanav.de@example.com,hash_pw_0094,9955522471,2025-01-06 14:33:10
95,Oviya,Vora,oviya.vora@example.com,hash_pw_0095,9542098017,2026-03-12 09:29:26
96,Azaan,Bhat,azaan.bhat@example.com,hash_pw_0096,9275309282,2026-05-17 18:08:28
97,Anvi,Nair,anvi.nair@example.com,hash_pw_0097,9382372922,2025-03-03 12:34:35
98,Harinakshi,Setty,harinakshi.setty@example.com,hash_pw_0098,9920916739,2026-04-22 07:10:43
99,Forum,Das,forum.das@example.com,hash_pw_0099,9968451673,2025-07-28 19:12:20
100,Udarsh,Chokshi,udarsh.chokshi@example.com,hash_pw_0100,9295858216,2025-04-17 02:51:23
101,Atharv,Loke,atharv.loke@example.com,hash_pw_0101,9783858343,2025-12-20 16:12:32
102,Gavin,Wali,gavin.wali@example.com,hash_pw_0102,9852126726,2026-04-29 16:58:18
103,Charles,Dugal,charles.dugal@example.com,hash_pw_0103,9120825650,2025-04-29 04:16:07
104,Riya,Sachdeva,riya.sachdeva@example.com,hash_pw_0104,9123762858,2025-05-25 10:07:40
105,Bhanumati,Sur,bhanumati.sur@example.com,hash_pw_0105,9389046078,2025-04-08 02:53:58
106,Lajita,Walia,lajita.walia@example.com,hash_pw_0106,9196848277,2025-04-28 00:56:51
107,Anirudh,Sharaf,anirudh.sharaf@example.com,hash_pw_0107,9333203933,2025-09-23 13:43:03
108,Onveer,Sharma,onveer.sharma@example.com,hash_pw_0108,9498784578,2025-12-27 03:42:17
109,Ikshita,Panchal,ikshita.panchal@example.com,hash_pw_0109,9905917946,2025-04-24 11:16:28
110,Michael,Borra,michael.borra@example.com,hash_pw_0110,9932850970,2025-11-01 19:16:19
111,Diya,Dora,diya.dora@example.com,hash_pw_0111,9604816257,2025-05-22 01:20:20
112,Indira,Tripathi,indira.tripathi@example.com,hash_pw_0112,9977516280,2025-10-24 09:07:06
113,Jyoti,Mangat,jyoti.mangat@example.com,hash_pw_0113,9924790131,2025-07-13 08:59:41
114,David,Seshadri,david.seshadri@example.com,hash_pw_0114,9892012381,2025-01-27 00:40:37
115,Yug,Sarma,yug.sarma@example.com,hash_pw_0115,9889546822,2025-03-14 23:32:49
116,Dominic,Narayan,dominic.narayan@example.com,hash_pw_0116,9517817593,2026-06-14 07:00:19
117,Finn,Dhaliwal,finn.dhaliwal@example.com,hash_pw_0117,9270307732,2026-05-04 16:28:18
118,Vedika,Handa,vedika.handa@example.com,hash_pw_0118,9231148450,2025-07-16 18:05:30
119,Pratyush,Gandhi,pratyush.gandhi@example.com,hash_pw_0119,9487005172,2025-02-10 10:58:53
120,Omya,Edwin,omya.edwin@example.com,hash_pw_0120,9779580831,2025-12-04 05:21:35
121,Zaitra,Dash,zaitra.dash@example.com,hash_pw_0121,9279701810,2025-08-03 10:52:40
122,Chatresh,Randhawa,chatresh.randhawa@example.com,hash_pw_0122,9947336680,2025-07-08 19:30:49
123,Eiravati,Chaudhary,eiravati.chaudhary@example.com,hash_pw_0123,9723926702,2026-06-21 12:32:22
124,Aahana,Kale,aahana.kale@example.com,hash_pw_0124,9927636977,2025-03-11 12:01:34
125,Charvi,Dara,charvi.dara@example.com,hash_pw_0125,9636784164,2025-03-12 23:50:54
126,Omaja,Grover,omaja.grover@example.com,hash_pw_0126,9481734198,2026-05-16 15:44:49
127,Anmol,Ramakrishnan,anmol.ramakrishnan@example.com,hash_pw_0127,9949830412,2025-03-25 09:55:32
128,Ekansh,Pai,ekansh.pai@example.com,hash_pw_0128,9349832483,2025-09-04 00:27:11
129,Chaaya,Jaggi,chaaya.jaggi@example.com,hash_pw_0129,9887255513,2025-05-30 21:08:02
130,Urvashi,Kulkarni,urvashi.kulkarni@example.com,hash_pw_0130,9484579421,2025-04-15 15:35:23
131,Jhalak,Sarkar,jhalak.sarkar@example.com,hash_pw_0131,9621089199,2026-07-03 20:27:46
132,Chaaya,Nagi,chaaya.nagi@example.com,hash_pw_0132,9682756272,2026-06-26 09:43:33
133,Anvi,Bhandari,anvi.bhandari@example.com,hash_pw_0133,9683708118,2025-09-28 00:56:21
134,Bakhshi,Date,bakhshi.date@example.com,hash_pw_0134,9395627385,2026-04-11 00:12:10
135,Jeevika,Rao,jeevika.rao@example.com,hash_pw_0135,9670304472,2025-05-01 09:53:03
136,Vritti,Iyengar,vritti.iyengar@example.com,hash_pw_0136,9681544961,2025-10-13 03:28:36
137,Owen,Pathak,owen.pathak@example.com,hash_pw_0137,9506994931,2025-05-25 02:36:35
138,Jalsa,Pillay,jalsa.pillay@example.com,hash_pw_0138,9933241446,2026-04-27 17:18:57
139,Varenya,Vora,varenya.vora@example.com,hash_pw_0139,9874171682,2025-02-19 04:46:33
140,Michael,Modi,michael.modi@example.com,hash_pw_0140,9662715631,2026-06-15 16:13:18
141,Chavvi,Walla,chavvi.walla@example.com,hash_pw_0141,9758245879,2025-08-08 21:54:31
142,Benjamin,Balakrishnan,benjamin.balakrishnan@example.com,hash_pw_0142,9788165352,2025-09-08 02:57:48
143,Azaan,Tank,azaan.tank@example.com,hash_pw_0143,9661782298,2026-05-27 18:37:08
144,Darpan,Dugar,darpan.dugar@example.com,hash_pw_0144,9996782035,2025-04-11 19:10:03
145,Maanas,Munshi,maanas.munshi@example.com,hash_pw_0145,9316980704,2025-03-25 03:39:10
146,Lohit,Chatterjee,lohit.chatterjee@example.com,hash_pw_0146,9134163406,2026-03-20 12:26:18
147,Maya,Tiwari,maya.tiwari@example.com,hash_pw_0147,9769983207,2026-06-29 17:26:27
148,Abhiram,Chokshi,abhiram.chokshi@example.com,hash_pw_0148,9493369637,2025-06-21 10:34:15
149,Ethan,Raju,ethan.raju@example.com,hash_pw_0149,9324130818,2026-05-25 08:03:14
150,Rushil,Upadhyay,rushil.upadhyay@example.com,hash_pw_0150,9960088617,2026-05-12 06:16:15
151,Zilmil,Shan,zilmil.shan@example.com,hash_pw_0151,9699169292,2025-11-20 01:55:46
152,Maya,Mistry,maya.mistry@example.com,hash_pw_0152,9984379899,2026-04-25 04:28:14
153,Anay,Pillay,anay.pillay@example.com,hash_pw_0153,9143650990,2025-02-24 16:07:47
154,Alka,Kari,alka.kari@example.com,hash_pw_0154,9331820924,2026-02-08 11:54:26
155,Xavier,Balay,xavier.balay@example.com,hash_pw_0155,9878647434,2025-06-29 10:29:15
156,Zilmil,Johal,zilmil.johal@example.com,hash_pw_0156,9307360430,2026-02-13 16:55:48
157,Edhitha,Srinivasan,edhitha.srinivasan@example.com,hash_pw_0157,9904441314,2026-03-10 12:30:49
158,Farhan,Pal,farhan.pal@example.com,hash_pw_0158,9824230874,2025-12-23 07:10:17
159,Laksh,Ahluwalia,laksh.ahluwalia@example.com,hash_pw_0159,9950899166,2025-05-21 02:50:06
160,Baljiwan,Gill,baljiwan.gill@example.com,hash_pw_0160,9462401682,2026-05-26 17:16:57
161,Baljiwan,Andra,baljiwan.andra@example.com,hash_pw_0161,9744154611,2025-12-11 02:20:43
162,Wakeeta,Desai,wakeeta.desai@example.com,hash_pw_0162,9690645339,2025-09-10 03:59:28
163,Tara,Kurian,tara.kurian@example.com,hash_pw_0163,9920536715,2026-05-07 20:27:52
164,Girish,Goyal,girish.goyal@example.com,hash_pw_0164,9704672023,2026-02-28 19:12:37
165,Leela,Keer,leela.keer@example.com,hash_pw_0165,9922172936,2026-03-04 09:11:34
166,Theodore,Deol,theodore.deol@example.com,hash_pw_0166,9580499237,2025-11-05 10:18:16
167,Tejas,Kota,tejas.kota@example.com,hash_pw_0167,9405460403,2026-04-08 17:49:26
168,David,Tiwari,david.tiwari@example.com,hash_pw_0168,9245047170,2025-08-23 10:44:10
169,Jackson,Jha,jackson.jha@example.com,hash_pw_0169,9338249032,2025-06-16 20:35:14
170,Yochana,Sagar,yochana.sagar@example.com,hash_pw_0170,9928416590,2026-06-20 17:17:50
171,Aachal,Aggarwal,aachal.aggarwal@example.com,hash_pw_0171,9648973579,2026-03-09 02:36:50
172,Krishna,Salvi,krishna.salvi@example.com,hash_pw_0172,9140519046,2025-12-24 13:54:54
173,Kiaan,Pall,kiaan.pall@example.com,hash_pw_0173,9248614668,2025-07-25 19:44:15
174,Aarush,Bajaj,aarush.bajaj@example.com,hash_pw_0174,9350175561,2025-07-19 00:43:52
175,Victor,Kota,victor.kota@example.com,hash_pw_0175,9712555926,2025-11-07 12:46:46
176,Bahadurjit,Sekhon,bahadurjit.sekhon@example.com,hash_pw_0176,9876938677,2025-09-10 04:41:54
177,Ekani,Khalsa,ekani.khalsa@example.com,hash_pw_0177,9986594254,2026-06-20 14:59:03
178,Krisha,Gour,krisha.gour@example.com,hash_pw_0178,9884679098,2026-03-24 14:42:24
179,Xavier,Kumer,xavier.kumer@example.com,hash_pw_0179,9927749187,2025-09-17 17:28:29
180,Rayaan,Behl,rayaan.behl@example.com,hash_pw_0180,9547236783,2025-04-04 15:02:17
181,Raghav,Kalla,raghav.kalla@example.com,hash_pw_0181,9780631093,2026-05-07 00:56:35
182,Barkha,Rai,barkha.rai@example.com,hash_pw_0182,9663052341,2025-02-01 23:41:34
183,Unnati,Chaudhari,unnati.chaudhari@example.com,hash_pw_0183,9706570606,2025-04-27 04:22:25
184,Chakradev,Kant,chakradev.kant@example.com,hash_pw_0184,9849223390,2025-06-21 11:57:27
185,Chakrika,Dua,chakrika.dua@example.com,hash_pw_0185,9823310328,2025-11-02 03:51:51
186,Indira,Gara,indira.gara@example.com,hash_pw_0186,9338462628,2025-12-02 11:51:52
187,Falan,Bava,falan.bava@example.com,hash_pw_0187,9258927104,2025-04-13 16:10:56
188,Aditya,Kamdar,aditya.kamdar@example.com,hash_pw_0188,9610945043,2026-03-20 20:25:28
189,Praneel,Chhabra,praneel.chhabra@example.com,hash_pw_0189,9381919481,2025-03-08 01:59:14
190,Tripti,Kohli,tripti.kohli@example.com,hash_pw_0190,9930888412,2026-06-27 01:14:57
191,Ladli,Purohit,ladli.purohit@example.com,hash_pw_0191,9616386600,2026-03-11 10:02:11
192,Garima,Chandran,garima.chandran@example.com,hash_pw_0192,9524470332,2026-05-22 14:47:31
193,Sarthak,Dhawan,sarthak.dhawan@example.com,hash_pw_0193,9761421566,2026-02-12 04:41:13
194,Garima,Rajagopalan,garima.rajagopalan@example.com,hash_pw_0194,9176927143,2025-07-26 19:23:30
195,Eta,Balan,eta.balan@example.com,hash_pw_0195,9220828027,2026-06-06 18:16:55
196,Yatin,Borah,yatin.borah@example.com,hash_pw_0196,9473992719,2025-05-28 22:59:10
197,Edhitha,Patel,edhitha.patel@example.com,hash_pw_0197,9737670731,2026-05-25 01:43:31
198,Harsh,Deo,harsh.deo@example.com,hash_pw_0198,9281736451,2025-09-29 15:11:10
199,Ekta,Rajan,ekta.rajan@example.com,hash_pw_0199,9572944000,2025-02-04 20:34:41
200,Omkaar,Rai,omkaar.rai@example.com,hash_pw_0200,9835898867,2025-10-18 08:31:28
201,Dev,Ganesh,dev.ganesh@example.com,hash_pw_0201,9220658235,2025-02-12 08:39:44
202,Jalsa,Krishnamurthy,jalsa.krishnamurthy@example.com,hash_pw_0202,9993830749,2025-08-12 10:50:19
203,Daksha,Ahuja,daksha.ahuja@example.com,hash_pw_0203,9844956951,2025-03-28 10:22:19
204,Gaurika,Sani,gaurika.sani@example.com,hash_pw_0204,9605936741,2025-01-18 16:03:20
205,Dipta,Goel,dipta.goel@example.com,hash_pw_0205,9894582888,2026-02-22 21:08:55
206,Eshana,Puri,eshana.puri@example.com,hash_pw_0206,9686718533,2026-02-11 10:22:58
207,Pranit,Bala,pranit.bala@example.com,hash_pw_0207,9618645569,2026-04-29 22:20:40
208,Balhaar,Parsa,balhaar.parsa@example.com,hash_pw_0208,9725996789,2026-05-31 09:03:53
209,Aarna,Kapadia,aarna.kapadia@example.com,hash_pw_0209,9282879331,2025-02-16 16:31:57
210,Matthew,Pai,matthew.pai@example.com,hash_pw_0210,9947384695,2026-06-26 00:11:54
211,Vasudha,Pall,vasudha.pall@example.com,hash_pw_0211,9599247875,2026-05-24 13:34:16
212,Chaitanya,Contractor,chaitanya.contractor@example.com,hash_pw_0212,9517304549,2026-05-28 22:14:30
213,Owen,Dutta,owen.dutta@example.com,hash_pw_0213,9215847550,2025-01-15 19:38:44
214,Rachana,Randhawa,rachana.randhawa@example.com,hash_pw_0214,9348215410,2025-10-23 16:47:05
215,Rachit,Pau,rachit.pau@example.com,hash_pw_0215,9620402022,2026-04-09 18:52:12
216,Indira,Shankar,indira.shankar@example.com,hash_pw_0216,9313540619,2026-01-24 20:48:27
217,Yasti,Rama,yasti.rama@example.com,hash_pw_0217,9142683817,2025-07-12 03:43:25
218,Shravya,Bera,shravya.bera@example.com,hash_pw_0218,9626061386,2025-11-02 13:30:14
219,Anvi,Kar,anvi.kar@example.com,hash_pw_0219,9834773724,2025-10-01 08:08:07
220,Isaiah,Comar,isaiah.comar@example.com,hash_pw_0220,9353622930,2026-01-25 08:00:16
221,Pavani,Chaudry,pavani.chaudry@example.com,hash_pw_0221,9771939435,2025-07-20 03:29:29
222,Priya,Gandhi,priya.gandhi@example.com,hash_pw_0222,9400855850,2025-06-25 05:09:58
223,Avni,Yohannan,avni.yohannan@example.com,hash_pw_0223,9521815818,2026-05-26 06:05:44
224,Yoshita,Chandran,yoshita.chandran@example.com,hash_pw_0224,9883713061,2025-10-24 20:51:25
225,Amruta,Sachdeva,amruta.sachdeva@example.com,hash_pw_0225,9358085454,2026-03-21 23:36:11
226,Arunima,Pillay,arunima.pillay@example.com,hash_pw_0226,9435418436,2026-04-16 04:53:38
227,Tara,Parmar,tara.parmar@example.com,hash_pw_0227,9682219061,2025-04-13 08:24:38
228,Ekantika,Mander,ekantika.mander@example.com,hash_pw_0228,9723876967,2026-02-25 11:34:00
229,Anusha,Chander,anusha.chander@example.com,hash_pw_0229,9839305702,2026-07-02 16:41:41
230,Vansha,Brahmbhatt,vansha.brahmbhatt@example.com,hash_pw_0230,9926834891,2025-04-23 17:50:12
231,Laksh,Raja,laksh.raja@example.com,hash_pw_0231,9698439590,2026-02-18 23:07:23
232,Indali,Sanghvi,indali.sanghvi@example.com,hash_pw_0232,9256253951,2025-01-23 21:36:33
233,Avi,Mitra,avi.mitra@example.com,hash_pw_0233,9541578219,2025-08-24 14:49:06
234,Ekavir,Wable,ekavir.wable@example.com,hash_pw_0234,9936560721,2025-05-26 23:20:10
235,Jasmit,Gera,jasmit.gera@example.com,hash_pw_0235,9298370042,2025-01-21 08:22:12
236,Ojasvi,Sampath,ojasvi.sampath@example.com,hash_pw_0236,9740337419,2025-06-30 08:11:46
237,Fiyaz,Mukherjee,fiyaz.mukherjee@example.com,hash_pw_0237,9485753927,2025-03-03 17:31:45
238,Laksh,Apte,laksh.apte@example.com,hash_pw_0238,9749304307,2025-12-31 02:23:05
239,Faraj,Taneja,faraj.taneja@example.com,hash_pw_0239,9627685695,2026-01-04 01:08:48
240,Nakul,Kumer,nakul.kumer@example.com,hash_pw_0240,9307511166,2025-06-25 18:02:08
241,Yash,Batra,yash.batra@example.com,hash_pw_0241,9920917342,2025-01-12 15:53:09
242,Oni,Kapur,oni.kapur@example.com,hash_pw_0242,9338965760,2026-06-06 10:40:03
243,Jagdish,Thakkar,jagdish.thakkar@example.com,hash_pw_0243,9171013341,2025-05-18 12:58:36
244,Abhiram,Pillay,abhiram.pillay@example.com,hash_pw_0244,9591285126,2025-07-11 16:23:03
245,Matthew,Ahuja,matthew.ahuja@example.com,hash_pw_0245,9752759821,2025-10-23 10:41:18
246,Zinal,Sachar,zinal.sachar@example.com,hash_pw_0246,9663961987,2026-05-14 04:26:50
247,Eesha,Sethi,eesha.sethi@example.com,hash_pw_0247,9584912105,2025-12-21 21:14:28
248,Nachiket,Cherian,nachiket.cherian@example.com,hash_pw_0248,9656952733,2026-02-22 18:36:27
249,Gautam,Dugar,gautam.dugar@example.com,hash_pw_0249,9515965279,2026-02-05 21:17:55
250,Girindra,Shere,girindra.shere@example.com,hash_pw_0250,9571967377,2025-11-06 04:00:04
251,Rudra,Rattan,rudra.rattan@example.com,hash_pw_0251,9595367749,2025-05-10 07:32:06
252,Chandresh,Ganguly,chandresh.ganguly@example.com,hash_pw_0252,9840831347,2026-02-06 13:00:45
253,Tanish,Grover,tanish.grover@example.com,hash_pw_0253,9991091361,2026-05-17 20:12:18
254,Gagan,Mammen,gagan.mammen@example.com,hash_pw_0254,9221517071,2025-05-20 15:10:53
255,Ekanta,Rama,ekanta.rama@example.com,hash_pw_0255,9522052175,2025-11-18 05:18:15
256,Avni,Bhardwaj,avni.bhardwaj@example.com,hash_pw_0256,9126749178,2025-05-19 22:32:18
257,Isha,Ghose,isha.ghose@example.com,hash_pw_0257,9196829676,2025-07-14 05:52:18
258,Indira,Dhar,indira.dhar@example.com,hash_pw_0258,9871348981,2025-04-06 23:01:52
259,Baljiwan,Chana,baljiwan.chana@example.com,hash_pw_0259,9858305156,2025-12-16 01:23:37
260,Indrajit,Vora,indrajit.vora@example.com,hash_pw_0260,9859435175,2025-10-26 07:54:27
261,Kritika,Mohanty,kritika.mohanty@example.com,hash_pw_0261,9690929397,2025-10-23 15:01:44
262,Qabil,Nadkarni,qabil.nadkarni@example.com,hash_pw_0262,9459910894,2026-03-16 05:31:37
263,Aahana,Chokshi,aahana.chokshi@example.com,hash_pw_0263,9292056726,2026-07-08 01:31:38
264,Waida,Radhakrishnan,waida.radhakrishnan@example.com,hash_pw_0264,9430779274,2025-08-29 09:50:21
265,Girik,Nigam,girik.nigam@example.com,hash_pw_0265,9226222619,2025-04-13 04:39:42
266,Harrison,Narula,harrison.narula@example.com,hash_pw_0266,9768469061,2025-07-16 14:19:50
267,Chameli,Khanna,chameli.khanna@example.com,hash_pw_0267,9634323575,2026-01-23 07:21:54
268,Varsha,Iyengar,varsha.iyengar@example.com,hash_pw_0268,9355419939,2025-06-18 10:49:17
269,Gavin,Ram,gavin.ram@example.com,hash_pw_0269,9540396677,2025-12-10 05:09:13
270,Chaitanya,Lall,chaitanya.lall@example.com,hash_pw_0270,9362758762,2026-03-02 03:11:13
271,Matthew,Chatterjee,matthew.chatterjee@example.com,hash_pw_0271,9980598636,2025-06-11 06:38:43
272,Lila,Virk,lila.virk@example.com,hash_pw_0272,9259188853,2025-02-12 18:27:58
273,Jonathan,Basak,jonathan.basak@example.com,hash_pw_0273,9134823688,2026-06-03 01:43:00
274,Anya,Venkatesh,anya.venkatesh@example.com,hash_pw_0274,9194170046,2025-02-08 02:00:39
275,Oeshi,Doctor,oeshi.doctor@example.com,hash_pw_0275,9291392758,2025-05-06 07:30:23
276,Balvan,Randhawa,balvan.randhawa@example.com,hash_pw_0276,9588915267,2026-03-26 16:42:50
277,Chavvi,Mukhopadhyay,chavvi.mukhopadhyay@example.com,hash_pw_0277,9199993584,2025-08-21 11:15:12
278,Saanvi,Nagi,saanvi.nagi@example.com,hash_pw_0278,9506883029,2025-02-22 13:23:53
279,Yashawini,Raval,yashawini.raval@example.com,hash_pw_0279,9414426733,2026-01-01 16:39:43
280,Zaid,Bali,zaid.bali@example.com,hash_pw_0280,9845841941,2025-08-02 03:31:56
281,Yashasvi,Ranganathan,yashasvi.ranganathan@example.com,hash_pw_0281,9544269173,2026-02-12 12:06:51
282,Urvi,Palla,urvi.palla@example.com,hash_pw_0282,9757187708,2025-02-15 04:38:21
283,Chandran,Gaba,chandran.gaba@example.com,hash_pw_0283,9194134670,2026-01-11 16:07:53
284,Zayyan,Kamdar,zayyan.kamdar@example.com,hash_pw_0284,9378807844,2026-02-13 02:00:08
285,Hritik,Subramaniam,hritik.subramaniam@example.com,hash_pw_0285,9759588843,2026-03-14 00:15:51
286,Ekaja,Dey,ekaja.dey@example.com,hash_pw_0286,9628822629,2025-05-20 17:42:49
287,Yashica,Mital,yashica.mital@example.com,hash_pw_0287,9307828574,2025-01-02 05:28:13
288,Qadim,Nayak,qadim.nayak@example.com,hash_pw_0288,9599167150,2026-05-01 19:25:59
289,Kamya,Lad,kamya.lad@example.com,hash_pw_0289,9958525681,2026-04-23 22:10:20
290,Odika,Bhagat,odika.bhagat@example.com,hash_pw_0290,9458406707,2025-09-29 13:56:57
291,Peter,Munshi,peter.munshi@example.com,hash_pw_0291,9787858676,2025-06-06 06:24:00
292,Ryan,Prakash,ryan.prakash@example.com,hash_pw_0292,9430468261,2025-08-22 05:41:57
293,Yahvi,Mohan,yahvi.mohan@example.com,hash_pw_0293,9923594990,2025-01-05 18:17:42
294,Geetika,Saraf,geetika.saraf@example.com,hash_pw_0294,9466534208,2025-11-04 14:53:40
295,Chanakya,Bava,chanakya.bava@example.com,hash_pw_0295,9454887598,2025-09-20 11:35:58
296,Henry,Vaidya,henry.vaidya@example.com,hash_pw_0296,9793263796,2025-04-16 10:38:09
297,Chakrika,Dyal,chakrika.dyal@example.com,hash_pw_0297,9676564508,2025-09-18 06:53:48
298,Falan,Chaudhuri,falan.chaudhuri@example.com,hash_pw_0298,9996687959,2026-02-09 17:30:32
299,Owen,Baral,owen.baral@example.com,hash_pw_0299,9696116984,2026-02-21 05:37:45
300,Chakradev,Andra,chakradev.andra@example.com,hash_pw_0300,9719975993,2026-06-17 10:31:16
301,Kashish,Oommen,kashish.oommen@example.com,hash_pw_0301,9171095709,2025-04-26 23:14:42
302,Vanya,Sama,vanya.sama@example.com,hash_pw_0302,9464162131,2025-10-19 10:59:42
303,Chakradhar,Bhatnagar,chakradhar.bhatnagar@example.com,hash_pw_0303,9301196574,2026-04-08 07:10:50
304,Zilmil,Virk,zilmil.virk@example.com,hash_pw_0304,9857273798,2025-09-02 06:41:37
305,Arunima,Bedi,arunima.bedi@example.com,hash_pw_0305,9193198413,2026-01-22 01:45:58
306,Sara,Chakrabarti,sara.chakrabarti@example.com,hash_pw_0306,9585230723,2025-08-24 01:24:28
307,Harshil,Raval,harshil.raval@example.com,hash_pw_0307,9424611800,2025-05-16 22:28:26
308,Yashoda,Jhaveri,yashoda.jhaveri@example.com,hash_pw_0308,9942827184,2025-01-30 01:05:38
309,Garima,Solanki,garima.solanki@example.com,hash_pw_0309,9576498805,2026-01-29 00:25:29
310,Bishakha,Vig,bishakha.vig@example.com,hash_pw_0310,9636929225,2025-04-30 16:13:04
311,Aachal,Hayre,aachal.hayre@example.com,hash_pw_0311,9619124046,2026-02-11 17:07:57
312,Hritik,Sachdeva,hritik.sachdeva@example.com,hash_pw_0312,9253861882,2025-03-18 07:32:30
313,Yashoda,Goel,yashoda.goel@example.com,hash_pw_0313,9878001797,2025-01-29 09:23:19
314,Hemal,Menon,hemal.menon@example.com,hash_pw_0314,9224377946,2025-01-04 04:36:48
315,Dipta,Kalla,dipta.kalla@example.com,hash_pw_0315,9837716816,2026-04-07 14:19:24
316,Yahvi,Naidu,yahvi.naidu@example.com,hash_pw_0316,9601304182,2025-02-05 20:06:27
317,Bhavika,Sami,bhavika.sami@example.com,hash_pw_0317,9922679709,2026-05-27 20:21:26
318,Udarsh,Ramachandran,udarsh.ramachandran@example.com,hash_pw_0318,9785960873,2025-06-12 23:48:25
319,Chatura,Arya,chatura.arya@example.com,hash_pw_0319,9306744311,2025-08-11 14:00:11
320,Rishi,Menon,rishi.menon@example.com,hash_pw_0320,9442684477,2025-12-09 14:59:28
321,Mitesh,Naidu,mitesh.naidu@example.com,hash_pw_0321,9269110063,2025-08-01 12:57:40
322,Eesha,Vora,eesha.vora@example.com,hash_pw_0322,9768882058,2026-03-11 16:10:49
323,Jalsa,Memon,jalsa.memon@example.com,hash_pw_0323,9682535775,2025-09-30 02:24:12
324,Lakshmi,Comar,lakshmi.comar@example.com,hash_pw_0324,9251995483,2026-07-02 02:06:16
325,Kavya,Varkey,kavya.varkey@example.com,hash_pw_0325,9283905107,2025-02-25 08:03:48
326,Yoshita,Butala,yoshita.butala@example.com,hash_pw_0326,9680440242,2025-12-11 14:11:29
327,Tanay,Samra,tanay.samra@example.com,hash_pw_0327,9131130659,2026-01-01 15:08:49
328,Rachita,Mutti,rachita.mutti@example.com,hash_pw_0328,9157767179,2025-03-08 21:23:07
329,Baghyawati,Sarma,baghyawati.sarma@example.com,hash_pw_0329,9856641801,2026-04-09 00:30:27
330,Kashvi,Apte,kashvi.apte@example.com,hash_pw_0330,9435480597,2025-09-16 03:07:09
331,Frederick,Mody,frederick.mody@example.com,hash_pw_0331,9184337702,2025-12-28 17:11:26
332,Triya,Bora,triya.bora@example.com,hash_pw_0332,9972792130,2026-06-27 14:50:12
333,Rishi,Nadkarni,rishi.nadkarni@example.com,hash_pw_0333,9433280534,2026-06-16 15:35:39
334,Varsha,Shere,varsha.shere@example.com,hash_pw_0334,9340297471,2025-04-22 15:09:58
335,Faraj,Borra,faraj.borra@example.com,hash_pw_0335,9520989391,2025-05-23 09:56:56
336,Yashvi,Chana,yashvi.chana@example.com,hash_pw_0336,9623456368,2025-01-24 12:09:51
337,Yoshita,Dey,yoshita.dey@example.com,hash_pw_0337,9221211559,2025-09-30 23:19:54
338,Kala,Kaur,kala.kaur@example.com,hash_pw_0338,9403071541,2025-09-28 18:39:46
339,Krisha,Radhakrishnan,krisha.radhakrishnan@example.com,hash_pw_0339,9210522618,2025-11-12 02:32:05
340,Avni,Kakar,avni.kakar@example.com,hash_pw_0340,9797343144,2025-02-25 02:07:08
341,Oeshi,Narayanan,oeshi.narayanan@example.com,hash_pw_0341,9594967982,2025-11-08 07:45:38
342,Krish,Vala,krish.vala@example.com,hash_pw_0342,9766659283,2025-07-09 06:43:50
343,Urishilla,Subramaniam,urishilla.subramaniam@example.com,hash_pw_0343,9512119784,2025-02-21 07:26:47
344,Yasti,Lalla,yasti.lalla@example.com,hash_pw_0344,9973935331,2026-06-24 02:12:48
345,Oni,Doctor,oni.doctor@example.com,hash_pw_0345,9709038381,2025-09-23 19:05:09
346,Raagini,Vig,raagini.vig@example.com,hash_pw_0346,9811474491,2026-06-05 02:20:44
347,Vasatika,Raj,vasatika.raj@example.com,hash_pw_0347,9222753236,2026-04-05 22:43:15
348,Ranbir,Ahluwalia,ranbir.ahluwalia@example.com,hash_pw_0348,9696020884,2025-03-17 20:24:02
349,Zehaan,Lal,zehaan.lal@example.com,hash_pw_0349,9535717670,2025-02-24 01:34:49
350,Damyanti,Padmanabhan,damyanti.padmanabhan@example.com,hash_pw_0350,9451551922,2026-01-19 22:19:45
351,Devansh,Lall,devansh.lall@example.com,hash_pw_0351,9977283140,2025-04-18 21:35:44
352,Reva,Anne,reva.anne@example.com,hash_pw_0352,9809615999,2025-04-26 21:35:45
353,Gabriel,Majumdar,gabriel.majumdar@example.com,hash_pw_0353,9518740692,2026-04-24 03:05:48
354,Idika,Malhotra,idika.malhotra@example.com,hash_pw_0354,9320827549,2026-06-14 08:23:37
355,Parth,Ray,parth.ray@example.com,hash_pw_0355,9712329631,2026-06-12 19:53:47
356,Aarini,Yogi,aarini.yogi@example.com,hash_pw_0356,9870722451,2025-09-25 09:33:27
357,Triveni,Bala,triveni.bala@example.com,hash_pw_0357,9756583196,2026-02-01 10:59:26
358,Adya,Kothari,adya.kothari@example.com,hash_pw_0358,9167012825,2025-10-14 18:48:48
359,Qadim,Gupta,qadim.gupta@example.com,hash_pw_0359,9855220739,2026-03-11 23:43:14
360,Zaid,Parekh,zaid.parekh@example.com,hash_pw_0360,9403019866,2025-01-25 05:19:32
361,Brijesh,Subramaniam,brijesh.subramaniam@example.com,hash_pw_0361,9854005004,2026-04-04 09:27:07
362,Pallavi,Sridhar,pallavi.sridhar@example.com,hash_pw_0362,9535974242,2025-10-24 08:53:16
363,Harrison,Nanda,harrison.nanda@example.com,hash_pw_0363,9811340600,2025-05-15 16:35:55
364,Oni,Pradhan,oni.pradhan@example.com,hash_pw_0364,9696379379,2025-10-26 17:22:17
365,Veer,Chaudhry,veer.chaudhry@example.com,hash_pw_0365,9265643247,2025-08-13 01:29:12
366,Mitali,Chaudhary,mitali.chaudhary@example.com,hash_pw_0366,9177036673,2026-05-19 14:51:05
367,Gaurika,Lad,gaurika.lad@example.com,hash_pw_0367,9874532101,2026-01-14 00:46:13
368,Sanya,Brar,sanya.brar@example.com,hash_pw_0368,9247339141,2026-05-14 20:16:31
369,Edhitha,Manne,edhitha.manne@example.com,hash_pw_0369,9769207967,2025-05-20 15:39:57
370,Wahab,Krishnamurthy,wahab.krishnamurthy@example.com,hash_pw_0370,9692759204,2025-12-16 13:27:40
371,Adweta,Dugal,adweta.dugal@example.com,hash_pw_0371,9299491606,2025-11-26 22:19:16
372,Unni,Zachariah,unni.zachariah@example.com,hash_pw_0372,9884812266,2025-07-03 21:20:21
373,Nachiket,Mitter,nachiket.mitter@example.com,hash_pw_0373,9686441554,2026-03-24 15:59:11
374,Abhiram,Swamy,abhiram.swamy@example.com,hash_pw_0374,9140657269,2026-03-18 07:04:32
375,Zaid,Gade,zaid.gade@example.com,hash_pw_0375,9723058861,2026-01-10 00:25:26
376,Sneha,Magar,sneha.magar@example.com,hash_pw_0376,9905931508,2025-08-06 00:46:23
377,Abhiram,Kaul,abhiram.kaul@example.com,hash_pw_0377,9661950074,2026-04-19 20:32:25
378,Devika,Tara,devika.tara@example.com,hash_pw_0378,9607291015,2026-05-05 20:24:27
379,Lekha,Savant,lekha.savant@example.com,hash_pw_0379,9758245742,2025-02-10 23:47:01
380,Lopa,Muni,lopa.muni@example.com,hash_pw_0380,9935937148,2025-01-09 09:01:01
381,Radha,Nair,radha.nair@example.com,hash_pw_0381,9603834447,2026-03-22 19:29:19
382,Darpan,Bhasin,darpan.bhasin@example.com,hash_pw_0382,9957085656,2025-08-17 20:04:35
383,Idika,Sarna,idika.sarna@example.com,hash_pw_0383,9137931259,2026-06-24 20:41:33
384,Ijaya,Naik,ijaya.naik@example.com,hash_pw_0384,9165946817,2026-05-04 19:00:11
385,Sudiksha,Acharya,sudiksha.acharya@example.com,hash_pw_0385,9804718104,2025-08-15 14:40:26
386,Ekalinga,Bassi,ekalinga.bassi@example.com,hash_pw_0386,9188594622,2025-04-09 12:07:15
387,Chandran,Peri,chandran.peri@example.com,hash_pw_0387,9370637678,2025-04-13 22:42:05
388,Amaira,Wadhwa,amaira.wadhwa@example.com,hash_pw_0388,9375904108,2025-01-12 00:45:47
389,Pranit,Ratti,pranit.ratti@example.com,hash_pw_0389,9807762976,2025-12-13 22:13:06
390,Kamya,Sachar,kamya.sachar@example.com,hash_pw_0390,9380517824,2026-06-29 07:23:25
391,Aachal,Parsa,aachal.parsa@example.com,hash_pw_0391,9294142387,2026-02-14 15:14:26
392,Amol,Vasa,amol.vasa@example.com,hash_pw_0392,9190625378,2025-04-23 16:18:19
393,Girindra,Barad,girindra.barad@example.com,hash_pw_0393,9908271285,2025-11-17 17:54:22
394,Teerth,Brahmbhatt,teerth.brahmbhatt@example.com,hash_pw_0394,9879535586,2026-05-11 05:15:11
395,Charita,Barad,charita.barad@example.com,hash_pw_0395,9720362276,2025-09-26 00:40:39
396,Jai,Karan,jai.karan@example.com,hash_pw_0396,9911194689,2025-04-01 02:17:30
397,Mason,Narain,mason.narain@example.com,hash_pw_0397,9598232236,2025-11-06 17:08:30
398,Gayathri,Butala,gayathri.butala@example.com,hash_pw_0398,9901173040,2026-02-18 14:54:28
399,Yachana,Saraf,yachana.saraf@example.com,hash_pw_0399,9833913230,2026-07-03 01:28:58
400,Qushi,Naik,qushi.naik@example.com,hash_pw_0400,9255853446,2026-02-17 00:09:28
401,Inaya,Sathe,inaya.sathe@example.com,hash_pw_0401,9956104065,2025-12-15 14:37:22
402,Akshay,Oza,akshay.oza@example.com,hash_pw_0402,9833232853,2025-02-01 20:37:25
403,Shaurya,Yogi,shaurya.yogi@example.com,hash_pw_0403,9784428973,2025-10-02 19:50:01
404,Darpan,Mander,darpan.mander@example.com,hash_pw_0404,9390260461,2025-07-27 10:52:39
405,Anika,Parsa,anika.parsa@example.com,hash_pw_0405,9802595747,2026-03-30 17:50:43
406,Quincy,Issac,quincy.issac@example.com,hash_pw_0406,9888463067,2026-06-06 20:56:04
407,Isha,Mittal,isha.mittal@example.com,hash_pw_0407,9462287576,2026-06-11 09:34:55
408,Devika,Narayan,devika.narayan@example.com,hash_pw_0408,9111358031,2026-06-07 13:56:08
409,Lakshit,More,lakshit.more@example.com,hash_pw_0409,9112843471,2025-11-16 10:13:57
410,Ekansh,Walia,ekansh.walia@example.com,hash_pw_0410,9211569592,2026-06-17 10:38:16
411,Hredhaan,Deep,hredhaan.deep@example.com,hash_pw_0411,9878731965,2025-08-09 01:02:21
412,Vincent,Kashyap,vincent.kashyap@example.com,hash_pw_0412,9136552071,2025-01-19 09:48:31
413,Reyansh,Kara,reyansh.kara@example.com,hash_pw_0413,9737951442,2026-05-26 00:00:50
414,Samaksh,Jayaraman,samaksh.jayaraman@example.com,hash_pw_0414,9860289849,2025-04-04 04:32:07
415,Yatin,Sane,yatin.sane@example.com,hash_pw_0415,9503682299,2026-05-25 20:04:57
416,Ria,Rao,ria.rao@example.com,hash_pw_0416,9372017183,2025-08-17 19:09:25
417,Pranit,Deshmukh,pranit.deshmukh@example.com,hash_pw_0417,9396764585,2025-11-28 15:32:50
418,Leena,Vaidya,leena.vaidya@example.com,hash_pw_0418,9938303850,2025-02-27 11:24:18
419,Gautami,Doctor,gautami.doctor@example.com,hash_pw_0419,9511027302,2025-10-29 19:51:02
420,Sanaya,Mani,sanaya.mani@example.com,hash_pw_0420,9377281586,2025-07-25 13:42:37
421,Advik,Shanker,advik.shanker@example.com,hash_pw_0421,9174516050,2026-01-17 22:21:30
422,Wazir,Kalla,wazir.kalla@example.com,hash_pw_0422,9291600816,2026-05-17 08:40:42
423,Manbir,Bhakta,manbir.bhakta@example.com,hash_pw_0423,9680499353,2025-12-01 23:08:57
424,Garima,Chahal,garima.chahal@example.com,hash_pw_0424,9574144746,2025-07-21 04:02:24
425,Tamanna,Parsa,tamanna.parsa@example.com,hash_pw_0425,9178296722,2025-02-24 16:34:51
426,Forum,Vyas,forum.vyas@example.com,hash_pw_0426,9120148538,2026-01-22 13:49:34
427,Gagan,Sule,gagan.sule@example.com,hash_pw_0427,9140625696,2026-06-01 05:09:02
428,Waida,Gole,waida.gole@example.com,hash_pw_0428,9851678544,2025-09-14 04:29:34
429,Advay,Jaggi,advay.jaggi@example.com,hash_pw_0429,9859785782,2026-01-17 02:55:40
430,Parth,Hari,parth.hari@example.com,hash_pw_0430,9881434315,2025-02-24 10:45:10
431,Daksh,Verma,daksh.verma@example.com,hash_pw_0431,9512771985,2026-06-20 08:45:43
432,Noah,Ramachandran,noah.ramachandran@example.com,hash_pw_0432,9485385619,2025-09-16 23:46:00
433,George,Sawhney,george.sawhney@example.com,hash_pw_0433,9778897450,2026-05-18 14:20:28
434,Veda,Viswanathan,veda.viswanathan@example.com,hash_pw_0434,9674050611,2025-09-22 03:13:47
435,Samesh,Bansal,samesh.bansal@example.com,hash_pw_0435,9916530277,2025-08-14 05:13:16
436,Reyansh,Mangat,reyansh.mangat@example.com,hash_pw_0436,9142231531,2025-10-26 09:19:47
437,Yash,Garg,yash.garg@example.com,hash_pw_0437,9214641286,2026-05-05 19:33:14
438,Ishani,Muni,ishani.muni@example.com,hash_pw_0438,9779454449,2025-12-07 04:36:31
439,Ganga,Nair,ganga.nair@example.com,hash_pw_0439,9307331729,2025-01-20 16:49:49
440,Chasmum,Walia,chasmum.walia@example.com,hash_pw_0440,9167637817,2026-02-24 20:37:13
441,Oscar,Brahmbhatt,oscar.brahmbhatt@example.com,hash_pw_0441,9995769426,2025-12-15 23:41:40
442,Sai,Goda,sai.goda@example.com,hash_pw_0442,9464304610,2025-02-13 12:55:50
443,Falak,Talwar,falak.talwar@example.com,hash_pw_0443,9535410744,2025-04-02 19:10:02
444,Manthan,Sethi,manthan.sethi@example.com,hash_pw_0444,9592171427,2026-06-11 16:17:12
445,Abhiram,Uppal,abhiram.uppal@example.com,hash_pw_0445,9177345357,2025-01-29 15:26:58
446,Oscar,Soman,oscar.soman@example.com,hash_pw_0446,9605968226,2026-04-26 07:17:28
447,Bhavya,Dass,bhavya.dass@example.com,hash_pw_0447,9853011714,2026-05-19 22:15:19
448,Laban,Chad,laban.chad@example.com,hash_pw_0448,9284950962,2026-05-07 09:39:51
449,Yashodhara,Samra,yashodhara.samra@example.com,hash_pw_0449,9981262028,2025-03-17 13:39:31
450,Bahadurjit,Barad,bahadurjit.barad@example.com,hash_pw_0450,9978106253,2025-03-24 14:09:26
451,Ati,Shroff,ati.shroff@example.com,hash_pw_0451,9738852124,2026-04-24 04:08:51
452,Devika,Bera,devika.bera@example.com,hash_pw_0452,9963775406,2025-06-07 09:30:16
453,Daksha,Lad,daksha.lad@example.com,hash_pw_0453,9448144622,2025-04-04 19:55:14
454,Aarini,Atwal,aarini.atwal@example.com,hash_pw_0454,9998106748,2025-06-15 14:55:46
455,Advika,Keer,advika.keer@example.com,hash_pw_0455,9460244389,2025-02-19 02:32:29
456,Mitesh,Tandon,mitesh.tandon@example.com,hash_pw_0456,9251651862,2025-11-19 11:02:15
457,Hemani,Bhagat,hemani.bhagat@example.com,hash_pw_0457,9694217027,2025-05-09 03:56:13
458,Urvi,Lala,urvi.lala@example.com,hash_pw_0458,9243205892,2025-03-19 15:32:08
459,Triya,Khurana,triya.khurana@example.com,hash_pw_0459,9622877347,2025-03-04 16:46:42
460,Ekansh,Arora,ekansh.arora@example.com,hash_pw_0460,9292643087,2025-03-11 05:42:47
461,Keya,Goyal,keya.goyal@example.com,hash_pw_0461,9843414103,2025-04-09 13:26:46
462,Prisha,Naik,prisha.naik@example.com,hash_pw_0462,9787007622,2025-07-30 10:52:09
463,Vyanjana,Iyer,vyanjana.iyer@example.com,hash_pw_0463,9356896763,2025-05-16 13:49:40
464,Ekavir,Krishna,ekavir.krishna@example.com,hash_pw_0464,9870086298,2026-01-24 06:34:51
465,Vritti,Sridhar,vritti.sridhar@example.com,hash_pw_0465,9473504921,2025-11-22 06:44:04
466,Leena,Subramaniam,leena.subramaniam@example.com,hash_pw_0466,9353015458,2025-05-30 01:19:43
467,Gautam,Pau,gautam.pau@example.com,hash_pw_0467,9202739753,2026-04-26 17:31:21
468,Leena,Halder,leena.halder@example.com,hash_pw_0468,9644967737,2025-06-20 07:36:12
469,Lopa,Bhatnagar,lopa.bhatnagar@example.com,hash_pw_0469,9156982428,2025-05-31 11:11:01
470,Harinakshi,Bhalla,harinakshi.bhalla@example.com,hash_pw_0470,9835774878,2026-01-04 11:41:46
471,Urishilla,Bath,urishilla.bath@example.com,hash_pw_0471,9819560168,2025-02-03 11:43:59
472,Onkar,Bhatt,onkar.bhatt@example.com,hash_pw_0472,9406085699,2025-06-12 19:02:10
473,Laksh,Nagy,laksh.nagy@example.com,hash_pw_0473,9762304734,2025-12-18 23:17:02
474,Anusha,Dhaliwal,anusha.dhaliwal@example.com,hash_pw_0474,9895016576,2025-02-10 17:51:41
475,Vidhi,Buch,vidhi.buch@example.com,hash_pw_0475,9943415633,2025-01-23 13:48:54
476,William,Ghosh,william.ghosh@example.com,hash_pw_0476,9176084801,2025-07-02 18:18:24
477,Aradhana,Bera,aradhana.bera@example.com,hash_pw_0477,9313407685,2026-06-10 17:26:45
478,Caleb,Bhagat,caleb.bhagat@example.com,hash_pw_0478,9936418338,2025-03-27 13:01:31
479,Sudiksha,Bassi,sudiksha.bassi@example.com,hash_pw_0479,9205295567,2025-07-04 04:12:23
480,Guneet,Khalsa,guneet.khalsa@example.com,hash_pw_0480,9336934839,2025-02-27 02:41:35
481,Pranav,Ram,pranav.ram@example.com,hash_pw_0481,9568006548,2025-04-23 13:54:04
482,Gautami,Datta,gautami.datta@example.com,hash_pw_0482,9291191291,2025-10-28 20:21:36
483,Omya,Garg,omya.garg@example.com,hash_pw_0483,9591494788,2025-05-31 19:18:36
484,Falak,Saraf,falak.saraf@example.com,hash_pw_0484,9460660580,2025-04-09 19:23:57
485,Upma,Thaman,upma.thaman@example.com,hash_pw_0485,9401296420,2025-04-17 00:34:20
486,Sneha,Tandon,sneha.tandon@example.com,hash_pw_0486,9592395371,2025-11-21 20:15:26
487,Jagrati,Merchant,jagrati.merchant2@example.com,hash_pw_0487,9336065965,2025-08-18 06:12:33
488,Ucchal,Agarwal,ucchal.agarwal@example.com,hash_pw_0488,9720753175,2026-03-06 08:06:42
489,Pooja,Madan,pooja.madan@example.com,hash_pw_0489,9542055365,2026-02-10 06:28:30
490,Jasmit,Peri,jasmit.peri@example.com,hash_pw_0490,9998710123,2025-12-26 10:31:33
491,Ishaan,Sridhar,ishaan.sridhar@example.com,hash_pw_0491,9883850598,2025-11-29 12:33:20
492,Jhalak,Bhatti,jhalak.bhatti@example.com,hash_pw_0492,9566271010,2026-03-27 02:02:54
493,Bhavya,Bose,bhavya.bose@example.com,hash_pw_0493,9716006526,2025-01-04 22:39:10
494,Idika,Salvi,idika.salvi@example.com,hash_pw_0494,9605359412,2026-01-27 15:16:25
495,Gautami,Sabharwal,gautami.sabharwal@example.com,hash_pw_0495,9670287614,2025-11-03 06:39:37
496,Kamya,Mani,kamya.mani@example.com,hash_pw_0496,9631808267,2025-07-06 19:27:33
497,Bhavika,Gopal,bhavika.gopal@example.com,hash_pw_0497,9908612091,2025-01-10 15:34:52
498,Nicholas,Walla,nicholas.walla@example.com,hash_pw_0498,9484835170,2025-08-18 17:55:59
499,Ekaja,Dugal,ekaja.dugal@example.com,hash_pw_0499,9117104881,2026-01-08 15:48:08
500,Sanaya,Parikh,sanaya.parikh@example.com,hash_pw_0500,9712441715,2026-03-30 08:12:47
